title,company,location,area,category,contract_type,contract_time,salary_min,salary_max,salary_is_predicted,redirect_url
Formador/a de IA,BIG school,España,['España'],Unknown,,,,,0,https://www.adzuna.es/land/ad/5448315963?se=nJUfbjDD8BGT8qKgjUILbg&utm_medium=api&utm_source=528c9b37&v=6411871793EFBD8037C0E931A724E95BFEC98B36
Consultor/a IA (Python),SOTEC CONSULTING,España,['España'],Trabajos en informática,,,,,0,https://www.adzuna.es/land/ad/5460284870?se=nJUfbjDD8BGT8qKgjUILbg&utm_medium=api&utm_source=528c9b37&v=0CBFBA5E1A6C6EFA98DB8223B52F80C7D83655DB
DATA & IA,"NTT America, Inc.","Pamplona, Navarra","['España', 'Comunidad Foral de Navarra', 'Navarra', 'Pamplona']",Unknown,,,,,0,https://www.adzuna.es/details/5144708776?utm_medium=api&utm_source=528c9b37
DATA & IA,"NTT America, Inc.",Ciudad Real,"['España', 'Castilla-La Mancha', 'Ciudad Real', 'Ciudad Real']",Unknown,,,,,0,https://www.adzuna.es/details/5144708784?utm_medium=api&utm_source=528c9b37
DATA & IA,"NTT America, Inc.",Barcelona,"['España', 'Cataluña', 'Barcelona', 'Barcelona']",Unknown,,,,,0,https://www.adzuna.es/details/5144708993?utm_medium=api&utm_source=528c9b37
DATA & IA,"NTT America, Inc.",Valencia,"['España', 'Comunidad Valenciana', 'Valencia', 'Valencia']",Unknown,,,,,0,https://www.adzuna.es/details/5144708912?utm_medium=api&utm_source=528c9b37
DATA & IA,"NTT America, Inc.","Bilbao, Vizcaya","['España', 'País Vasco', 'Vizcaya', 'Bilbao']",Unknown,,,,,0,https://www.adzuna.es/details/5144708893?utm_medium=api&utm_source=528c9b37
DATA & IA,"NTT America, Inc.",Valladolid,"['España', 'Castilla y León', 'Valladolid', 'Valladolid']",Unknown,,,,,0,https://www.adzuna.es/details/5144708765?utm_medium=api&utm_source=528c9b37
DATA & IA,"NTT America, Inc.",Zaragoza,"['España', 'Aragón', 'Zaragoza', 'Zaragoza']",Unknown,,,,,0,https://www.adzuna.es/details/5144708853?utm_medium=api&utm_source=528c9b37
DATA & IA,"NTT America, Inc.","Santander, Cantabria","['España', 'Cantabria', 'Cantabria', 'Santander']",Unknown,,,,,0,https://www.adzuna.es/details/5144708766?utm_medium=api&utm_source=528c9b37
DATA & IA,"NTT America, Inc.",Madrid,"['España', 'Comunidad de Madrid', 'Madrid', 'Madrid']",Unknown,,,,,0,https://www.adzuna.es/details/5144708833?utm_medium=api&utm_source=528c9b37
DATA & IA,"NTT America, Inc.","Oviedo, Asturias","['España', 'Principado de Asturias', 'Asturias', 'Oviedo']",Unknown,,,,,0,https://www.adzuna.es/details/5144708868?utm_medium=api&utm_source=528c9b37
DATA & IA,"NTT America, Inc.",España,['España'],Unknown,,,,,0,https://www.adzuna.es/details/5477635574?utm_medium=api&utm_source=528c9b37
IA Developer,Henneo,España,['España'],Trabajos en informática,,,,,0,https://www.adzuna.es/details/5346692740?utm_medium=api&utm_source=528c9b37
IA engineer,Caixabank Digital Hub,"Barcelona, Cataluña","['España', 'Cataluña', 'Barcelona']",Trabajos en contabilidad y finanzas,,,,,0,https://www.adzuna.es/details/5181364504?utm_medium=api&utm_source=528c9b37
IA Engineer,Getnet,España,['España'],Unknown,,,,,0,https://www.adzuna.es/details/5494034843?utm_medium=api&utm_source=528c9b37
IA Engineer,Getnet,Madrid,"['España', 'Comunidad de Madrid', 'Madrid', 'Madrid']",Unknown,,,,,0,https://www.adzuna.es/details/5420593293?utm_medium=api&utm_source=528c9b37
IA Engineer,Merlin Digital Partner,Barcelona,"['España', 'Cataluña', 'Barcelona', 'Barcelona']",Unknown,,,,,0,https://www.adzuna.es/details/5068765060?utm_medium=api&utm_source=528c9b37
Data Scientist IA,Financecolombia,"Madrid, Comunidad de Madrid","['España', 'Comunidad de Madrid', 'Madrid']",Trabajos en informática,,,70000.0,90000.0,0,https://www.adzuna.es/land/ad/5485083398?se=nJUfbjDD8BGT8qKgjUILbg&utm_medium=api&utm_source=528c9b37&v=7B5D53E4A6BC02DEDB296BE17AC585F26CDB56C0
Data Scientist IA,eXalt España,España,['España'],Trabajos en informática,,,110000.0,125000.0,0,https://www.adzuna.es/land/ad/5481821958?se=nJUfbjDD8BGT8qKgjUILbg&utm_medium=api&utm_source=528c9b37&v=2B493896CD509CF0894AA9BFA9CEFE1B51CF671B
Data Scientist IA,eXalt España,"Málaga, Andalucía","['España', 'Andalucía', 'Málaga']",Trabajos en informática,,,70000.0,90000.0,0,https://www.adzuna.es/land/ad/5487867629?se=nJUfbjDD8BGT8qKgjUILbg&utm_medium=api&utm_source=528c9b37&v=C8343B455F752E2AFFCE3F31B4B1BD4BA55AA3C3
Data Scientist IA,eXalt España,"Barcelona, Cataluña","['España', 'Cataluña', 'Barcelona']",Trabajos en informática,,,70000.0,90000.0,0,https://www.adzuna.es/land/ad/5485084385?se=nJUfbjDD8BGT8qKgjUILbg&utm_medium=api&utm_source=528c9b37&v=EB59EB51EA0651975A694EC49A3388326EC2A738
Data Scientist IA,eXalt España,"Madrid, Comunidad de Madrid","['España', 'Comunidad de Madrid', 'Madrid']",Trabajos en informática,,,70000.0,90000.0,0,https://www.adzuna.es/land/ad/5485084596?se=nJUfbjDD8BGT8qKgjUILbg&utm_medium=api&utm_source=528c9b37&v=587B0A8D433B8C0564FF9A3D9C6675CD3B56C8E8
Data Science & IA,GfK - An NIQ Company,"Madrid, Comunidad de Madrid","['España', 'Comunidad de Madrid', 'Madrid']",Trabajos en informática,,,125000.0,150000.0,0,https://www.adzuna.es/land/ad/5491774067?se=nJUfbjDD8BGT8qKgjUILbg&utm_medium=api&utm_source=528c9b37&v=E300EA974D497F97BF02200AEBB47884AA96FB7F
IA Operations Executive,Darwin AI,España,['España'],Trabajos en atención al cliente,,,,,0,https://www.adzuna.es/details/5467494761?utm_medium=api&utm_source=528c9b37
" Ingeniero Senior IA, Robótica y Arquitectura ",Yeeply,España,['España'],Trabajos en informática,,,,,0,https://www.adzuna.es/land/ad/5432292864?se=nJUfbjDD8BGT8qKgjUILbg&utm_medium=api&utm_source=528c9b37&v=63237272605B923A4E0A7A9C25C97FB89147BEF5
Ingeniero IA Generativa,Qualentum,"Pozuelo de Alarcón, Madrid","['España', 'Comunidad de Madrid', 'Madrid', 'Pozuelo de Alarcón']",Unknown,,,,,0,https://www.adzuna.es/details/5484388323?utm_medium=api&utm_source=528c9b37
Ingeniero IA Generativa,Plexus,"Santiago de Compostela, A Coruña","['España', 'Galicia', 'A Coruña', 'Santiago de Compostela']",Unknown,,,,,0,https://www.adzuna.es/details/5493269769?utm_medium=api&utm_source=528c9b37
Analista / Consultor IA,,Burgos,"['España', 'Castilla y León', 'Burgos', 'Burgos']",Trabajos en informática,,,40000.0,55000.0,0,https://www.adzuna.es/details/5383483261?utm_medium=api&utm_source=528c9b37
Desarrollador IA  REMOTO,Grupo Digital,España,['España'],Unknown,,,,,0,https://www.adzuna.es/details/5431523724?utm_medium=api&utm_source=528c9b37
Formador/a IA,Social You,Madrid,"['España', 'Comunidad de Madrid', 'Madrid', 'Madrid']",Trabajos en informática,permanent,,36000.0,39000.0,0,https://www.adzuna.es/details/5466899822?utm_medium=api&utm_source=528c9b37
Ia Software Engineer,Extia,Barcelona,"['España', 'Cataluña', 'Barcelona', 'Barcelona']",Unknown,,,,,0,https://www.adzuna.es/details/5499412191?utm_medium=api&utm_source=528c9b37
Ingeniero/a IA,Sopra-Steria,Madrid,"['España', 'Comunidad de Madrid', 'Madrid', 'Madrid']",Unknown,,,,,0,https://www.adzuna.es/details/5453112566?utm_medium=api&utm_source=528c9b37
Data Scientist IA,Caixabank Digital Hub,"Madrid, Comunidad de Madrid","['España', 'Comunidad de Madrid', 'Madrid']",Unknown,,,,,0,https://www.adzuna.es/details/4872683679?utm_medium=api&utm_source=528c9b37
Data Scientist IA,Caixabank Digital Hub,"Barcelona, Cataluña","['España', 'Cataluña', 'Barcelona']",Unknown,,,,,0,https://www.adzuna.es/details/5445897763?utm_medium=api&utm_source=528c9b37
Arquitecto Cloud IA,,España,['España'],Trabajos en informática,,,55000.0,75000.0,0,https://www.adzuna.es/details/5438549817?utm_medium=api&utm_source=528c9b37
Data&IA Consultant,Accenture,España,['España'],Trabajos en consultoría,,,,,0,https://www.adzuna.es/details/5464478178?utm_medium=api&utm_source=528c9b37
IA & DATA PLATAFORM ENGINEER,Blue Hat International,"Madrid, Comunidad de Madrid","['España', 'Comunidad de Madrid', 'Madrid']",Trabajos en informática,,,70000.0,90000.0,0,https://www.adzuna.es/land/ad/5498132811?se=nJUfbjDD8BGT8qKgjUILbg&utm_medium=api&utm_source=528c9b37&v=C2AC7DE075A9909CBE7B69EEA030BB1997F19BBD
Data Scientist / IA / MLOps,Logicalis Spain,"Málaga, Andalucía","['España', 'Andalucía', 'Málaga']",Trabajos en informática,,,70000.0,90000.0,0,https://www.adzuna.es/land/ad/5493333460?se=nJUfbjDD8BGT8qKgjUILbg&utm_medium=api&utm_source=528c9b37&v=B779CD90A5B566EFA702C589D1862ED3B5B1E25C
DATA SCIENTIST/IA ENGINEER,VidaCaixa,"Barcelona, Cataluña","['España', 'Cataluña', 'Barcelona']",Trabajos en informática,,,70000.0,90000.0,0,https://www.adzuna.es/land/ad/5436976319?se=nJUfbjDD8BGT8qKgjUILbg&utm_medium=api&utm_source=528c9b37&v=A4B6D5194887CA42CCB3E6176BD7C4B84A81A63B
"Desarrollador Fullstack IA, hibrido",Serbyte Servicios IT,"Madrid, Comunidad de Madrid","['España', 'Comunidad de Madrid', 'Madrid']",Trabajos en informática,,,70000.0,90000.0,0,https://www.adzuna.es/land/ad/5386253485?se=nJUfbjDD8BGT8qKgjUILbg&utm_medium=api&utm_source=528c9b37&v=BD80F7FB31A4605E650C5610953C3A6D14583B9E
DATA SCIENTIST/IA ENGINEER,CaixaBank Group,"Barcelona, Cataluña","['España', 'Cataluña', 'Barcelona']",Trabajos en informática,,,70000.0,90000.0,0,https://www.adzuna.es/land/ad/5130900851?se=nJUfbjDD8BGT8qKgjUILbg&utm_medium=api&utm_source=528c9b37&v=7FBAE1C250E1B1F6D66244B26C6DB83A7B336C3A
Data Scientist (IA Generativa),CAF ,"Madrid, Comunidad de Madrid","['España', 'Comunidad de Madrid', 'Madrid']",Trabajos en informática,,,70000.0,90000.0,0,https://www.adzuna.es/land/ad/5436976323?se=nJUfbjDD8BGT8qKgjUILbg&utm_medium=api&utm_source=528c9b37&v=858CE912320F79F12B531F47B6205BB25087DD49
Data Scientist IA Generativa,Sopra Steria USA,"Madrid, Comunidad de Madrid","['España', 'Comunidad de Madrid', 'Madrid']",Trabajos en informática,,,70000.0,90000.0,0,https://www.adzuna.es/land/ad/5449507402?se=nJUfbjDD8BGT8qKgjUILbg&utm_medium=api&utm_source=528c9b37&v=16EF36FBA9AB6643FF0611610037F5503499596F
Data Scientist IA Generativa,Sopra Steria,"Madrid, Comunidad de Madrid","['España', 'Comunidad de Madrid', 'Madrid']",Trabajos en informática,,,70000.0,90000.0,0,https://www.adzuna.es/land/ad/5458992411?se=nJUfbjDD8BGT8qKgjUILbg&utm_medium=api&utm_source=528c9b37&v=5C355D1B9E8F8A754F8F34BD7D541287EFF09BEA
Desarrollador Soluciones iA Junior,Rentokil Initial,"San Fernando de Henares, Madrid","['España', 'Comunidad de Madrid', 'Madrid', 'San Fernando de Henares']",Trabajos en informática,,,,,0,https://www.adzuna.es/details/5494801453?utm_medium=api&utm_source=528c9b37
Ingeniero/a I.A.,domestiko.com,"Zafra, Badajoz","['España', 'Extremadura', 'Badajoz', 'Zafra']",Unknown,,,,,0,https://www.adzuna.es/land/ad/5444037070?se=nJUfbjDD8BGT8qKgjUILbg&utm_medium=api&utm_source=528c9b37&v=8198811754EA056F1A83D5BD58E5D71ED128F268
Lider de Equipo IA,Krell Consulting & Training,Madrid,"['España', 'Comunidad de Madrid', 'Madrid', 'Madrid']",Trabajos en informática,permanent,,,,0,https://www.adzuna.es/details/5492601198?utm_medium=api&utm_source=528c9b37
Desarrollador Python en IA,Accenture,Madrid,"['España', 'Comunidad de Madrid', 'Madrid', 'Madrid']",Trabajos en informática,permanent,,,,0,https://www.adzuna.es/details/5496532323?utm_medium=api&utm_source=528c9b37
Ingeniero/a de IA,,España,['España'],Trabajos en informática,,,600.0,720.0,0,https://www.adzuna.es/details/5460485949?utm_medium=api&utm_source=528c9b37
Technical Solution IA - Madrid,CAIXABANK DIGITAL HUB,"Madrid, Comunidad de Madrid","['España', 'Comunidad de Madrid', 'Madrid']",Unknown,,,,,0,https://www.adzuna.es/details/5246437119?utm_medium=api&utm_source=528c9b37
Technical Solution IA - Barcelona,Caixabank Digital Hub,"Barcelona, Cataluña","['España', 'Cataluña', 'Barcelona']",Unknown,,,,,0,https://www.adzuna.es/details/5246482647?utm_medium=api&utm_source=528c9b37
Data Scientist/Ia Engineer,Caixabank Digital Hub,"Barcelona, Cataluña","['España', 'Cataluña', 'Barcelona']",Unknown,,,,,0,https://www.adzuna.es/details/5133430046?utm_medium=api&utm_source=528c9b37
Programador IA (inteligencia artificial),,"Sant Just Desvern, Barcelona","['España', 'Cataluña', 'Barcelona', 'Sant Just Desvern']",Trabajos en informática,,full_time,,,0,https://www.adzuna.es/details/5460409165?utm_medium=api&utm_source=528c9b37
Data/IA & Architecture (interinidad),SEAT SA,España,['España'],Unknown,,,,,0,https://www.adzuna.es/details/5435672352?utm_medium=api&utm_source=528c9b37
Data Scientist IA Generativa,Sopra-Steria,Madrid,"['España', 'Comunidad de Madrid', 'Madrid', 'Madrid']",Unknown,,,,,0,https://www.adzuna.es/details/5453112564?utm_medium=api&utm_source=528c9b37
Team Leader equipo IA,Raona,"Cornellà de Llobregat, Barcelona","['España', 'Cataluña', 'Barcelona', 'Cornellà de Llobregat']",Unknown,,,,,0,https://www.adzuna.es/details/5491796501?utm_medium=api&utm_source=528c9b37
Data Scientist (IA/Machine Learning),Between Technology,"Madrid, Comunidad de Madrid","['España', 'Comunidad de Madrid', 'Madrid']",Trabajos en informática,,,70000.0,90000.0,0,https://www.adzuna.es/land/ad/5438657953?se=9KfWbzDD8BGdHYOL_XKfzw&utm_medium=api&utm_source=528c9b37&v=C1E21B2E2002DA1587727722D29FE647583872E7
Arquitecto de Desarrollo IA Generativa | AWS | Azure | Teletrabajo,knowmad mood,España,['España'],Trabajos en informática,,,,,0,https://www.adzuna.es/land/ad/5451886454?se=9KfWbzDD8BGdHYOL_XKfzw&utm_medium=api&utm_source=528c9b37&v=E9E72416B55716F81FBF72B25DE85ECBA6607EB1
IA Operations Executive (Overnight Shift),Darwin AI,España,['España'],Trabajos en atención al cliente,,,,,0,https://www.adzuna.es/details/5414839314?utm_medium=api&utm_source=528c9b37
Filósofo/a para proyecto IA,domestiko.com,"Logroño, La Rioja","['España', 'La Rioja', 'La Rioja', 'Logroño']",Unknown,,,,,0,https://www.adzuna.es/land/ad/5471615096?se=9KfWbzDD8BGdHYOL_XKfzw&utm_medium=api&utm_source=528c9b37&v=473CC61EBBCE086BE22C0A990AF50A5DB6081C5F
IA Engineer (H/M/X),Manpower Trabajo Temporal,Madrid,"['España', 'Comunidad de Madrid', 'Madrid', 'Madrid']",Unknown,,,,,0,https://www.adzuna.es/details/5416623357?utm_medium=api&utm_source=528c9b37
CTO - especialista IA / Computer Vision,,Madrid,"['España', 'Comunidad de Madrid', 'Madrid', 'Madrid']",Trabajos en informática,,,75000.0,90000.0,0,https://www.adzuna.es/details/5307696252?utm_medium=api&utm_source=528c9b37
Desarrollador/a Junior IA Generativa,Randstad ES,Madrid,"['España', 'Comunidad de Madrid', 'Madrid', 'Madrid']",Trabajos en informática,permanent,,,,0,https://www.adzuna.es/details/5489677854?utm_medium=api&utm_source=528c9b37
Técnico de Marketing para IA,Fundación Universitaria San Pablo CEU,España,['España'],"Trabajos en marketing, publicidad y relaciones públicas",,,,,0,https://www.adzuna.es/details/5488522986?utm_medium=api&utm_source=528c9b37
Experto/a en IA Generativa,"NTT America, Inc.",Ciudad Real,"['España', 'Castilla-La Mancha', 'Ciudad Real', 'Ciudad Real']",Unknown,,,,,0,https://www.adzuna.es/details/5436668774?utm_medium=api&utm_source=528c9b37
Experto/a en IA Generativa,"NTT America, Inc.",España,['España'],Unknown,,,,,0,https://www.adzuna.es/details/5436668772?utm_medium=api&utm_source=528c9b37
Experto/a en IA Generativa,"NTT America, Inc.",Salamanca,"['España', 'Castilla y León', 'Salamanca', 'Salamanca']",Unknown,,,,,0,https://www.adzuna.es/details/5436668766?utm_medium=api&utm_source=528c9b37
Experto/a en IA Generativa,"NTT America, Inc.",Granada,"['España', 'Andalucía', 'Granada', 'Granada']",Unknown,,,,,0,https://www.adzuna.es/details/5436668773?utm_medium=api&utm_source=528c9b37
Experto/a en IA Generativa,"NTT America, Inc.",Murcia,"['España', 'Región de Murcia', 'Murcia', 'Murcia']",Unknown,,,,,0,https://www.adzuna.es/details/5436668769?utm_medium=api&utm_source=528c9b37
Experto/a en IA Generativa,"NTT America, Inc.","Alicante, Comunidad Valenciana","['España', 'Comunidad Valenciana', 'Alicante']",Unknown,,,,,0,https://www.adzuna.es/details/5436668765?utm_medium=api&utm_source=528c9b37
Consultor Digital IA - Modelos Adaptativos,Babel,Sevilla,"['España', 'Andalucía', 'Sevilla', 'Sevilla']",Unknown,,,,,0,https://www.adzuna.es/details/5448831996?utm_medium=api&utm_source=528c9b37
Manager IA Generativa (h/m),Michael Page,España,['España'],Trabajos en informática,permanent,,60000.0,80000.0,0,https://www.adzuna.es/details/5494510262?utm_medium=api&utm_source=528c9b37
Manager IA Generativa (h/m),,"Donostia/San Sebastián, Guipúzcoa","['España', 'País Vasco', 'Guipúzcoa', 'Donostia/San Sebastián']",Trabajos en informática,,,60000.0,80000.0,0,https://www.adzuna.es/details/5490289225?utm_medium=api&utm_source=528c9b37
Big Data IA Developer Junior,ZYLK,España,['España'],Trabajos en informática,,,,,0,https://www.adzuna.es/details/5352938749?utm_medium=api&utm_source=528c9b37
Python Tech Lead | Startup IA,Page Personnel ETT,Barcelona,"['España', 'Cataluña', 'Barcelona', 'Barcelona']",Unknown,,,,,0,https://www.adzuna.es/details/5444773873?utm_medium=api&utm_source=528c9b37
Senior Fullstack Engineer – Proyecto Tecnológico IA,Botic Partners,"Madrid, Comunidad de Madrid","['España', 'Comunidad de Madrid', 'Madrid']",Trabajos en informática,,,70000.0,90000.0,0,https://www.adzuna.es/land/ad/5495496433?se=9KfWbzDD8BGdHYOL_XKfzw&utm_medium=api&utm_source=528c9b37&v=A1ABDB04DFC05F7D83E52D9D7920456A8F32FC72
DESARROLLADOR/A PYTHON CON IA REMOTO,IRIUM - Spain,España,['España'],Unknown,,,,,0,https://www.adzuna.es/details/5470805353?utm_medium=api&utm_source=528c9b37
Senior IA/ML Engineer (Eng/Esp),Plain Concepts,España,['España'],Otros trabajos,,,,,0,https://www.adzuna.es/details/5138925524?utm_medium=api&utm_source=528c9b37
Experto/a en Grafos_IA Generativa_ Temporal_ Hibrido_Hasta 52K,BIGZON,España,['España'],Trabajos en informática,,,,,0,https://www.adzuna.es/land/ad/5493656337?se=9KfWbzDD8BGdHYOL_XKfzw&utm_medium=api&utm_source=528c9b37&v=1FC2017464068D16A1F4D2D7392475149BDDD1FC
Investigador/a Senior de ID en Robótica Aplicada e IA,TECNALIA Research & Innovation,España,['España'],Trabajos en ciencias y control de calidad,,,,,0,https://www.adzuna.es/land/ad/5493656273?se=9KfWbzDD8BGdHYOL_XKfzw&utm_medium=api&utm_source=528c9b37&v=B34EE4DC1FE3F1F953F01105900BE389FD733B38
Data Scientist especialista en IA generativa,BIP Group,España,['España'],Unknown,,,,,0,https://www.adzuna.es/details/5147232556?utm_medium=api&utm_source=528c9b37
Profesor/a de Máster IA & BigData,"Monlau Centre d'Estudis, S.A.","Sant Adrià de Besòs, Barcelona","['España', 'Cataluña', 'Barcelona', 'Sant Adrià de Besòs']",Unknown,,,,,0,https://www.adzuna.es/details/5429771372?utm_medium=api&utm_source=528c9b37
Investigador/a en Ciberseguridad para IA,Tecnalia Ofertas De Empleo,"Derio, Vizcaya","['España', 'País Vasco', 'Vizcaya', 'Derio']",Unknown,,,,,0,https://www.adzuna.es/details/5376214406?utm_medium=api&utm_source=528c9b37
Global Intelligence Lead (DATA Analytics & IA),,España,['España'],Trabajos en informática,,,70000.0,75000.0,0,https://www.adzuna.es/details/5490289081?utm_medium=api&utm_source=528c9b37
Consultora IA ( Experiencia en Copilot Studio),SlashMobility,"Barcelona, Cataluña","['España', 'Cataluña', 'Barcelona']",Trabajos en informática,,,,,0,https://www.adzuna.es/details/5144047599?utm_medium=api&utm_source=528c9b37
RPA & IA Developer con Power Platform,RDT,"Derio, Vizcaya","['España', 'País Vasco', 'Vizcaya', 'Derio']",Unknown,,,,,0,https://www.adzuna.es/details/5474723305?utm_medium=api&utm_source=528c9b37
Jefe/a Config Analíticas Video-IA,Infinity Neural,Barcelona,"['España', 'Cataluña', 'Barcelona', 'Barcelona']",Trabajos en informática,permanent,,,,0,https://www.adzuna.es/details/5441953613?utm_medium=api&utm_source=528c9b37
Promotor/a tecnológico – Gafas IA CASTELLÓN,Primer Impacto,"Almassora, Castellón","['España', 'Comunidad Valenciana', 'Castellón', 'Almassora']",Unknown,,,,,0,https://www.adzuna.es/details/5407263466?utm_medium=api&utm_source=528c9b37
Promotor/a tecnológico – Gafas IA MÁLAGA,Primer Impacto,Málaga,"['España', 'Andalucía', 'Málaga', 'Málaga']",Unknown,,,,,0,https://www.adzuna.es/details/5407263448?utm_medium=api&utm_source=528c9b37
Promotor/a tecnológico – Gafas IA MALLORCA,Primer Impacto,"Palma de Mallorca, Islas Baleares","['España', 'Islas Baleares', 'Islas Baleares', 'Palma de Mallorca']",Unknown,,,,,0,https://www.adzuna.es/details/5407263415?utm_medium=api&utm_source=528c9b37
Promotor/a tecnológico – Gafas IA MADRID,Primer Impacto,Madrid,"['España', 'Comunidad de Madrid', 'Madrid', 'Madrid']",Unknown,,,,,0,https://www.adzuna.es/details/5407263468?utm_medium=api&utm_source=528c9b37
Promotor/a tecnológico - Gafas IA Bilbao,Primer Impacto,"Bilbao, Vizcaya","['España', 'País Vasco', 'Vizcaya', 'Bilbao']",Unknown,,,,,0,https://www.adzuna.es/details/5483497472?utm_medium=api&utm_source=528c9b37
Promotor/a Tecnológico - Gafas IA Sevilla,Primer Impacto,Sevilla,"['España', 'Andalucía', 'Sevilla', 'Sevilla']",Unknown,,,,,0,https://www.adzuna.es/details/5486939007?utm_medium=api&utm_source=528c9b37
Promotor/a tecnológico - Gafas IA Mallorca,Primer Impacto,"Palma de Mallorca, Islas Baleares","['España', 'Islas Baleares', 'Islas Baleares', 'Palma de Mallorca']",Unknown,,,,,0,https://www.adzuna.es/details/5486939006?utm_medium=api&utm_source=528c9b37
Promotor/a tecnológico – Gafas IA VALENCIA,Primer Impacto,Valencia,"['España', 'Comunidad Valenciana', 'Valencia', 'Valencia']",Unknown,,,,,0,https://www.adzuna.es/details/5470805832?utm_medium=api&utm_source=528c9b37
Technical Presales Engineer (Cloud/IA/Datos),Sener,"Tres Cantos, Madrid","['España', 'Comunidad de Madrid', 'Madrid', 'Tres Cantos']",Unknown,,,,,0,https://www.adzuna.es/details/5470805758?utm_medium=api&utm_source=528c9b37
IA Engineer – Generative AI & LLMs Madrid · Híbrido,Tecdata,"Madrid, Comunidad de Madrid","['España', 'Comunidad de Madrid', 'Madrid']",Trabajos en informática,,,70000.0,90000.0,0,https://www.adzuna.es/land/ad/5409494696?se=9KfWbzDD8BGdHYOL_XKfzw&utm_medium=api&utm_source=528c9b37&v=1A5C3D71BC282915CC453DAE595522C78753CC38
Docentes cursos online IA PARA DOCENTES,BKH Recruitment,Zaragoza,"['España', 'Aragón', 'Zaragoza', 'Zaragoza']",Unknown,,,52000.0,62400.0,0,https://www.adzuna.es/details/5097388366?utm_medium=api&utm_source=528c9b37
Python Tech Lead | Startup IA | Barcelona,,Barcelona,"['España', 'Cataluña', 'Barcelona', 'Barcelona']",Trabajos en informática,,,50000.0,60000.0,0,https://www.adzuna.es/details/5435170278?utm_medium=api&utm_source=528c9b37
Full stack .NET/REACT - IA - Barcelona,,Barcelona,"['España', 'Cataluña', 'Barcelona', 'Barcelona']",Trabajos en informática,,,30000.0,40000.0,0,https://www.adzuna.es/details/5379347711?utm_medium=api&utm_source=528c9b37
Operari/ia de mecanitzat cnc 3dcf441a,EY,Barcelona,"['España', 'Cataluña', 'Barcelona', 'Barcelona']",Unknown,,,,,0,https://www.adzuna.es/details/5461734151?utm_medium=api&utm_source=528c9b37
Arquitecto/a Software Senior – Interoperabilidad e IA,T-Systems Iberia,"Reus, Tarragona","['España', 'Cataluña', 'Tarragona', 'Reus']",Trabajos en informática,,,,,0,https://www.adzuna.es/details/5469169894?utm_medium=api&utm_source=528c9b37
Arquitecto/a Especializado/a – Interoperabilidad e IA,T-Systems Iberia,España,['España'],Trabajos en informática,,,,,0,https://www.adzuna.es/details/5469169880?utm_medium=api&utm_source=528c9b37
"Software Agentic Architect IA - Sevilla, Sevilla, Andalucía, España",Grupo Digital,"Sevilla, Andalucía","['España', 'Andalucía', 'Sevilla']",Trabajos en informática,,,70000.0,90000.0,0,https://www.adzuna.es/land/ad/5472390094?se=INZwcTDD8BGdHYOL_XKfzw&utm_medium=api&utm_source=528c9b37&v=F4EA97964AAA9A7028B32783178250340FB62427
Fullstack Lead IA y Cloud Madrid · Completamente remoto,Tecdata,"Madrid, Comunidad de Madrid","['España', 'Comunidad de Madrid', 'Madrid']",Trabajos en consultoría,,,70000.0,90000.0,0,https://www.adzuna.es/land/ad/5384390569?se=INZwcTDD8BGdHYOL_XKfzw&utm_medium=api&utm_source=528c9b37&v=8F7676139F8518A0BDD4406F92CD22A8C1AD5BB6
Senior Data Scientist - IA Générative (F/H),Talent-R,España,['España'],Unknown,,,,,0,https://www.adzuna.es/details/5313381884?utm_medium=api&utm_source=528c9b37
Experto En Automatizaciones E Integraciones Con Ia,Prishia,Córdoba,"['España', 'Andalucía', 'Córdoba', 'Córdoba']",Unknown,,,,,0,https://www.adzuna.es/details/5497461171?utm_medium=api&utm_source=528c9b37
Experto En Automatizaciones E Integraciones Con Ia,Prishia,Málaga,"['España', 'Andalucía', 'Málaga', 'Málaga']",Unknown,,,,,0,https://www.adzuna.es/details/5497461213?utm_medium=api&utm_source=528c9b37
Experto En Automatizaciones E Integraciones Con Ia,Prishia,Murcia,"['España', 'Región de Murcia', 'Murcia', 'Murcia']",Unknown,,,,,0,https://www.adzuna.es/details/5497461127?utm_medium=api&utm_source=528c9b37
Experto En Automatizaciones E Integraciones Con Ia,Prishia,"Ibiza, Islas Baleares","['España', 'Islas Baleares', 'Islas Baleares', 'Ibiza']",Unknown,,,,,0,https://www.adzuna.es/details/5497461240?utm_medium=api&utm_source=528c9b37
Experto En Automatizaciones E Integraciones Con Ia,Prishia,Almería,"['España', 'Andalucía', 'Almería', 'Almería']",Unknown,,,,,0,https://www.adzuna.es/details/5497461371?utm_medium=api&utm_source=528c9b37
Experto En Automatizaciones E Integraciones Con Ia,Prishia,"Las Palmas de Gran Canaria, Las Palmas","['España', 'Islas Canarias', 'Las Palmas', 'Las Palmas de Gran Canaria']",Unknown,,,,,0,https://www.adzuna.es/details/5497461238?utm_medium=api&utm_source=528c9b37
Experto En Automatizaciones E Integraciones Con Ia,Prishia,Sevilla,"['España', 'Andalucía', 'Sevilla', 'Sevilla']",Unknown,,,,,0,https://www.adzuna.es/details/5497461209?utm_medium=api&utm_source=528c9b37
Experto En Automatizaciones E Integraciones Con Ia,Prishia,"Alicante, Comunidad Valenciana","['España', 'Comunidad Valenciana', 'Alicante']",Unknown,,,,,0,https://www.adzuna.es/details/5497461255?utm_medium=api&utm_source=528c9b37
Experto En Automatizaciones E Integraciones Con Ia,Prishia,Santa Cruz de Tenerife,"['España', 'Islas Canarias', 'Santa Cruz de Tenerife', 'Santa Cruz de Tenerife']",Unknown,,,,,0,https://www.adzuna.es/details/5497461244?utm_medium=api&utm_source=528c9b37
Experto En Automatizaciones E Integraciones Con Ia,Prishia,"Gusendos de los Oteros, León","['España', 'Castilla y León', 'León', 'Gusendos de los Oteros']",Unknown,,,,,0,https://www.adzuna.es/details/5497462109?utm_medium=api&utm_source=528c9b37
Experto En Automatizaciones E Integraciones Con Ia,Prishia,Valladolid,"['España', 'Castilla y León', 'Valladolid', 'Valladolid']",Unknown,,,,,0,https://www.adzuna.es/details/5497461164?utm_medium=api&utm_source=528c9b37
Experto En Automatizaciones E Integraciones Con Ia,Prishia,"Gijón, Asturias","['España', 'Principado de Asturias', 'Asturias', 'Gijón']",Unknown,,,,,0,https://www.adzuna.es/details/5497461246?utm_medium=api&utm_source=528c9b37
Experto En Automatizaciones E Integraciones Con Ia,Prishia,"Leganés, Madrid","['España', 'Comunidad de Madrid', 'Madrid', 'Leganés']",Unknown,,,,,0,https://www.adzuna.es/details/5497461197?utm_medium=api&utm_source=528c9b37
Experto En Automatizaciones E Integraciones Con Ia,Prishia,Islas Baleares,"['España', 'Islas Baleares', 'Islas Baleares']",Unknown,,,,,0,https://www.adzuna.es/details/5497461254?utm_medium=api&utm_source=528c9b37
Experto En Automatizaciones E Integraciones Con Ia,Prishia,"Marbella, Málaga","['España', 'Andalucía', 'Málaga', 'Marbella']",Unknown,,,,,0,https://www.adzuna.es/details/5497461309?utm_medium=api&utm_source=528c9b37
Experto En Automatizaciones E Integraciones Con Ia,Prishia,"Oña, Burgos","['España', 'Castilla y León', 'Burgos', 'Oña']",Unknown,,,,,0,https://www.adzuna.es/details/5497461144?utm_medium=api&utm_source=528c9b37
Experto En Automatizaciones E Integraciones Con Ia,Prishia,"Nava, Asturias","['España', 'Principado de Asturias', 'Asturias', 'Nava']",Unknown,,,,,0,https://www.adzuna.es/details/5497461268?utm_medium=api&utm_source=528c9b37
Experto En Automatizaciones E Integraciones Con Ia,Prishia,"Santander, Cantabria","['España', 'Cantabria', 'Cantabria', 'Santander']",Unknown,,,,,0,https://www.adzuna.es/details/5497461304?utm_medium=api&utm_source=528c9b37
Experto En Automatizaciones E Integraciones Con Ia,Prishia,Tarragona,"['España', 'Cataluña', 'Tarragona', 'Tarragona']",Unknown,,,,,0,https://www.adzuna.es/details/5497461212?utm_medium=api&utm_source=528c9b37
Experto En Automatizaciones E Integraciones Con Ia,Prishia,Zaragoza,"['España', 'Aragón', 'Zaragoza', 'Zaragoza']",Unknown,,,,,0,https://www.adzuna.es/details/5499413844?utm_medium=api&utm_source=528c9b37
Experto En Automatizaciones E Integraciones Con Ia,Prishia,Huelva,"['España', 'Andalucía', 'Huelva', 'Huelva']",Unknown,,,,,0,https://www.adzuna.es/details/5499390887?utm_medium=api&utm_source=528c9b37
Experto En Automatizaciones E Integraciones Con Ia,Prishia,"Chantada, Lugo","['España', 'Galicia', 'Lugo', 'Chantada']",Unknown,,,,,0,https://www.adzuna.es/details/5499388468?utm_medium=api&utm_source=528c9b37
Experto En Automatizaciones E Integraciones Con Ia,Prishia,"Vitoria-Gasteiz, Álava","['España', 'País Vasco', 'Álava', 'Vitoria-Gasteiz']",Unknown,,,,,0,https://www.adzuna.es/details/5499389976?utm_medium=api&utm_source=528c9b37
Experto En Automatizaciones E Integraciones Con Ia,Prishia,"Álava, País Vasco","['España', 'País Vasco', 'Álava']",Unknown,,,,,0,https://www.adzuna.es/details/5499390455?utm_medium=api&utm_source=528c9b37
Experto En Automatizaciones E Integraciones Con Ia,Prishia,Lleida,"['España', 'Cataluña', 'Lleida', 'Lleida']",Unknown,,,,,0,https://www.adzuna.es/details/5499412937?utm_medium=api&utm_source=528c9b37
Experto En Automatizaciones E Integraciones Con Ia,Prishia,"Vitoria-Gasteiz, Álava","['España', 'País Vasco', 'Álava', 'Vitoria-Gasteiz']",Unknown,,,,,0,https://www.adzuna.es/details/5499416613?utm_medium=api&utm_source=528c9b37
Experto En Automatizaciones E Integraciones Con Ia,Prishia,Valencia,"['España', 'Comunidad Valenciana', 'Valencia', 'Valencia']",Unknown,,,,,0,https://www.adzuna.es/details/5499416772?utm_medium=api&utm_source=528c9b37
Experto En Automatizaciones E Integraciones Con Ia,Prishia,Barcelona,"['España', 'Cataluña', 'Barcelona', 'Barcelona']",Unknown,,,,,0,https://www.adzuna.es/details/5499419126?utm_medium=api&utm_source=528c9b37
Experto En Automatizaciones E Integraciones Con Ia,Prishia,Valencia,"['España', 'Comunidad Valenciana', 'Valencia', 'Valencia']",Unknown,,,,,0,https://www.adzuna.es/details/5499413671?utm_medium=api&utm_source=528c9b37
Experto En Automatizaciones E Integraciones Con Ia,Prishia,"Arbo, Pontevedra","['España', 'Galicia', 'Pontevedra', 'Arbo']",Unknown,,,,,0,https://www.adzuna.es/details/5499416907?utm_medium=api&utm_source=528c9b37
Experto En Automatizaciones E Integraciones Con Ia,Prishia,A Coruña,"['España', 'Galicia', 'A Coruña', 'A Coruña']",Unknown,,,,,0,https://www.adzuna.es/details/5499390531?utm_medium=api&utm_source=528c9b37
Experto En Automatizaciones E Integraciones Con Ia,Prishia,España,['España'],Unknown,,,,,0,https://www.adzuna.es/details/5499419134?utm_medium=api&utm_source=528c9b37
Experto En Automatizaciones E Integraciones Con Ia,Prishia,Granada,"['España', 'Andalucía', 'Granada', 'Granada']",Unknown,,,,,0,https://www.adzuna.es/details/5499390915?utm_medium=api&utm_source=528c9b37
Experto En Automatizaciones E Integraciones Con Ia,Prishia,Madrid,"['España', 'Comunidad de Madrid', 'Madrid', 'Madrid']",Unknown,,,,,0,https://www.adzuna.es/details/5499391084?utm_medium=api&utm_source=528c9b37
Experto En Automatizaciones E Integraciones Con Ia,Prishia,Badajoz,"['España', 'Extremadura', 'Badajoz', 'Badajoz']",Unknown,,,,,0,https://www.adzuna.es/details/5499390892?utm_medium=api&utm_source=528c9b37
Desarrollador Junior Agentes Virtuales IA Y RPA,Téciman,España,['España'],Unknown,,,,,0,https://www.adzuna.es/details/5475214937?utm_medium=api&utm_source=528c9b37
Becario Especialista en Productividad Asistida por IA,Cencora,España,['España'],Trabajos en sanidad y salud,,,,,0,https://www.adzuna.es/details/5415997843?utm_medium=api&utm_source=528c9b37
Ingeniero/a de IA para Sistemas Industriales,RDT,"Derio, Vizcaya","['España', 'País Vasco', 'Vizcaya', 'Derio']",Unknown,,,,,0,https://www.adzuna.es/details/5474723685?utm_medium=api&utm_source=528c9b37
Líder de Desarrollo para Plataforma de IA,ingles para pueblos,España,['España'],Unknown,,,30000.0,36000.0,0,https://www.adzuna.es/details/5091062882?utm_medium=api&utm_source=528c9b37
Ingeniero/a back-end de IA conversacional,Everfield,Madrid,"['España', 'Comunidad de Madrid', 'Madrid', 'Madrid']",Unknown,,,,,0,https://www.adzuna.es/details/5230491021?utm_medium=api&utm_source=528c9b37
PROMOTOR/A TECNOLÓGICO – GAFAS DE IA MURCIA,Primer Impacto,Murcia,"['España', 'Región de Murcia', 'Murcia', 'Murcia']",Unknown,,,,,0,https://www.adzuna.es/details/5491795660?utm_medium=api&utm_source=528c9b37
PROMOTOR/A TECNOLÓGICO – GAFAS DE IA VIGO,primer impacto,Pontevedra,"['España', 'Galicia', 'Pontevedra', 'Pontevedra']",Unknown,,,,,0,https://www.adzuna.es/details/5495505563?utm_medium=api&utm_source=528c9b37
Promotor/a tecnológico – Gafas IA LUGONES- SIERO,Primer Impacto,"Oviedo, Asturias","['España', 'Principado de Asturias', 'Asturias', 'Oviedo']",Unknown,,,,,0,https://www.adzuna.es/details/5407263471?utm_medium=api&utm_source=528c9b37
Promotor/a tecnológico – Gafas IA BARCELONA OCTUBRE,Primer Impacto,Barcelona,"['España', 'Cataluña', 'Barcelona', 'Barcelona']",Unknown,,,,,0,https://www.adzuna.es/details/5407263529?utm_medium=api&utm_source=528c9b37
Promotor/a tecnológico – Gafas IA ALICANTE OCTUBRE,Primer Impacto,"Alicante/Alacant, Alicante","['España', 'Comunidad Valenciana', 'Alicante', 'Alicante/Alacant']",Unknown,,,,,0,https://www.adzuna.es/details/5407263626?utm_medium=api&utm_source=528c9b37
Promotor/a tecnológico – Gafas IA MÁLAGA OCTUBRE,Primer Impacto,Málaga,"['España', 'Andalucía', 'Málaga', 'Málaga']",Unknown,,,,,0,https://www.adzuna.es/details/5407263633?utm_medium=api&utm_source=528c9b37
Promotor/a tecnológico – Gafas IA A CORUÑA,Primer Impacto,A Coruña,"['España', 'Galicia', 'A Coruña', 'A Coruña']",Unknown,,,,,0,https://www.adzuna.es/details/5470805747?utm_medium=api&utm_source=528c9b37
Promotor Tecnológico - Gafas IA Noviembre a Enero,Primer Impacto,Zaragoza,"['España', 'Aragón', 'Zaragoza', 'Zaragoza']",Unknown,,,,,0,https://www.adzuna.es/details/5483497463?utm_medium=api&utm_source=528c9b37
PROMOTOR/A TECNOLÓGICO – GAFAS DE IA PAMPLONA,Primer Impacto,"Pamplona, Navarra","['España', 'Comunidad Foral de Navarra', 'Navarra', 'Pamplona']",Unknown,,,,,0,https://www.adzuna.es/details/5491795661?utm_medium=api&utm_source=528c9b37
PROMOTOR/A TECNOLÓGICO – GAFAS DE IA VALLADOLID,Primer Impacto,Valladolid,"['España', 'Castilla y León', 'Valladolid', 'Valladolid']",Unknown,,,,,0,https://www.adzuna.es/details/5491795658?utm_medium=api&utm_source=528c9b37
Ingeniero/a Backend Python IA - La Safor,,Valencia,"['España', 'Comunidad Valenciana', 'Valencia', 'Valencia']",Trabajos en informática,,,30500.0,38500.0,0,https://www.adzuna.es/details/5421645953?utm_medium=api&utm_source=528c9b37
"Account Manager- soluciones de analítica: IA, BigData",,Madrid,"['España', 'Comunidad de Madrid', 'Madrid', 'Madrid']",Trabajos en ventas,,,60000.0,90000.0,0,https://www.adzuna.es/details/5034738368?utm_medium=api&utm_source=528c9b37
Arquitecto/a Software Senior .NET – Modernización e IA,T-Systems Iberia,"Reus, Tarragona","['España', 'Cataluña', 'Tarragona', 'Reus']",Trabajos en informática,,,,,0,https://www.adzuna.es/details/5469169877?utm_medium=api&utm_source=528c9b37
Arquitecto para modernización de aplicaciones generadas con IA,Inetum Spain,Madrid,"['España', 'Comunidad de Madrid', 'Madrid', 'Madrid']",Unknown,,,,,0,https://www.adzuna.es/details/5463582916?utm_medium=api&utm_source=528c9b37
Responsable equipo Machine Learning Engineering / IA Madrid · Completamente remoto,Tecdata,"Madrid, Comunidad de Madrid","['España', 'Comunidad de Madrid', 'Madrid']",Trabajos en ingeniería,,,90000.0,110000.0,0,https://www.adzuna.es/land/ad/5382486052?se=BP8bczDD8BGT8qKgjUILbg&utm_medium=api&utm_source=528c9b37&v=114A9F5FB47F0E6713A9A18EE994DD0209129B53
"Global Head of Data Intelligence, Analytics and IA (EMEA)",Findasense,"Madrid, Comunidad de Madrid","['España', 'Comunidad de Madrid', 'Madrid']","Trabajos en marketing, publicidad y relaciones públicas",,,90000.0,110000.0,0,https://www.adzuna.es/land/ad/5493333700?se=BP8bczDD8BGT8qKgjUILbg&utm_medium=api&utm_source=528c9b37&v=3E0A49718C76565EE15E41B6127F9A1B812F34A8
Consultor/a de Soluciones de Agentes e IA,Raona,"Cornellà de Llobregat, Barcelona","['España', 'Cataluña', 'Barcelona', 'Cornellà de Llobregat']",Unknown,,,,,0,https://www.adzuna.es/details/5448239333?utm_medium=api&utm_source=528c9b37
Consultor/a en Modernización de Aplicaciones con IA,DXC Technology,España,['España'],Unknown,,,,,0,https://www.adzuna.es/details/5447355536?utm_medium=api&utm_source=528c9b37
Desarrollador Python en IA | School of Tech 2026,Accenture,España,['España'],Trabajos en educación,,,,,0,https://www.adzuna.es/details/5452560808?utm_medium=api&utm_source=528c9b37
PROMOTOR/A TECNOLÓGICO – GAFAS DE IA SAN SEBASTIAN,Primer Impacto,"Donostia/San Sebastián, Guipúzcoa","['España', 'País Vasco', 'Guipúzcoa', 'Donostia/San Sebastián']",Unknown,,,,,0,https://www.adzuna.es/details/5491795662?utm_medium=api&utm_source=528c9b37
"Promotor/a tecnológico – Gafas IA LAS PALMAS, TELDE",Primer Impacto,"Las Palmas de Gran Canaria, Las Palmas","['España', 'Islas Canarias', 'Las Palmas', 'Las Palmas de Gran Canaria']",Unknown,,,,,0,https://www.adzuna.es/details/5407263454?utm_medium=api&utm_source=528c9b37
Promotor/a Tecnológico - Gafas IA Noviembre a Enero,Primer Impacto,Córdoba,"['España', 'Andalucía', 'Córdoba', 'Córdoba']",Unknown,,,,,0,https://www.adzuna.es/details/5483497480?utm_medium=api&utm_source=528c9b37
Consultor/A De Propuestas De Data & Ia (Híbrido),Irium,Madrid,"['España', 'Comunidad de Madrid', 'Madrid', 'Madrid']",Unknown,,,,,0,https://www.adzuna.es/details/5497820002?utm_medium=api&utm_source=528c9b37
Ingeniero/a de Logística Avanzada - IA & Big Data,Trigo Quality Ibérica,"Vigo, Pontevedra","['España', 'Galicia', 'Pontevedra', 'Vigo']",Unknown,,,,,0,https://www.adzuna.es/details/5437035475?utm_medium=api&utm_source=528c9b37
"Global Head of Data Intelligence, Analytics and IA (EMEA)",Findasense,España,['España'],Otros trabajos,,,,,0,https://www.adzuna.es/details/5469822458?utm_medium=api&utm_source=528c9b37
Graduate Program - Creative Next Gen IA Video & Design,FeverUp,España,['España'],Trabajos en diseño y artes gráficas,,,,,0,https://www.adzuna.es/details/5289030322?utm_medium=api&utm_source=528c9b37
Líder de Innovación en IA para Transporte Público,,España,['España'],Unknown,,,,,0,https://www.adzuna.es/details/5282421414?utm_medium=api&utm_source=528c9b37
Consultor/a en Transformación de Procesos con IA | 100% teletrabajo,Minsait,"Madrid, Comunidad de Madrid","['España', 'Comunidad de Madrid', 'Madrid']",Trabajos en informática,,,70000.0,90000.0,0,https://www.adzuna.es/land/ad/5119943850?se=BP8bczDD8BGT8qKgjUILbg&utm_medium=api&utm_source=528c9b37&v=15BC1F58CB32A72CFB412C2B289C00D04DC442EF
51462MKP - Programador/a de IA e Interactividad (audiovisuals) (FRAMEMOV),main,España,['España'],Unknown,,,,,0,https://www.adzuna.es/details/5465508528?utm_medium=api&utm_source=528c9b37
Consultor/a en Modernización de Aplicaciones con IA (PHP),DXC Technology,España,['España'],Unknown,,,,,0,https://www.adzuna.es/details/5478549766?utm_medium=api&utm_source=528c9b37
Docentes cursos online de IA EN LA ECONOMIA VERDE,BKH Recruitment,Zaragoza,"['España', 'Aragón', 'Zaragoza', 'Zaragoza']",Unknown,,,52000.0,62400.0,0,https://www.adzuna.es/details/5097388367?utm_medium=api&utm_source=528c9b37
Copy of Promotor/a tecnológico – Gafas IA A CORUÑA,Primer Impacto,"Alicante/Alacant, Alicante","['España', 'Comunidad Valenciana', 'Alicante', 'Alicante/Alacant']",Unknown,,,,,0,https://www.adzuna.es/details/5470805897?utm_medium=api&utm_source=528c9b37
DATA ENGINEER- Apasionado por la IA y nuevas tecnologías,,Madrid,"['España', 'Comunidad de Madrid', 'Madrid', 'Madrid']",Trabajos en informática,,,57341.0,70084.0,0,https://www.adzuna.es/details/5331411079?utm_medium=api&utm_source=528c9b37
Docentes cursos online de IA CHAT GPT EN EMPRESA,BKH Recruitment,Zaragoza,"['España', 'Aragón', 'Zaragoza', 'Zaragoza']",Unknown,,,52000.0,62400.0,0,https://www.adzuna.es/details/5097388362?utm_medium=api&utm_source=528c9b37
RESPONSABLE TÉCNICO DE PROYECTOS EN PROYECTOS DE INGENIERIA BIOMEDICA E IA,Hospital Quirónsalud Palmaplanas,"Madrid, Comunidad de Madrid","['España', 'Comunidad de Madrid', 'Madrid']",Trabajos en consultoría,,,90000.0,110000.0,0,https://www.adzuna.es/land/ad/5421702324?se=BP8bczDD8BGT8qKgjUILbg&utm_medium=api&utm_source=528c9b37&v=0900AB1C74997CECE0A65B8B950FBC768FCF239D
51465MKP - Productor/a de Vídeo amb IA Generativa (GRUP LAVINIA),main,España,['España'],Unknown,,,,,0,https://www.adzuna.es/details/5465509189?utm_medium=api&utm_source=528c9b37
NEXT-GEN Renault Talent Gestión de Evoluciones Vehículo con IA,Adecco,España,['España'],Unknown,,,,,0,https://www.adzuna.es/details/5150520140?utm_medium=api&utm_source=528c9b37
Ingeniero de Pre Venta- DATA & IA - EN REMOTO INGLÉS ALTO,SlashMobility,"Madrid, Comunidad de Madrid","['España', 'Comunidad de Madrid', 'Madrid']",Trabajos en informática,,,,,0,https://www.adzuna.es/details/5477358994?utm_medium=api&utm_source=528c9b37
Investigador/a Senior de ID en Robótica Aplicada e IA,Tecnalia Ofertas De Empleo,"Donostia/San Sebastián, Guipúzcoa","['España', 'País Vasco', 'Guipúzcoa', 'Donostia/San Sebastián']",Unknown,,,,,0,https://www.adzuna.es/details/5494042956?utm_medium=api&utm_source=528c9b37
Consultor/a programador/a de Power BI y herramientas de IA,domestiko.com,"Mengíbar, Jaén","['España', 'Andalucía', 'Jaén', 'Mengíbar']",Unknown,,,,,0,https://www.adzuna.es/land/ad/5421273966?se=BP8bczDD8BGT8qKgjUILbg&utm_medium=api&utm_source=528c9b37&v=3EEFEDF1F1A24DFB3D1BC150EEDCAC91C346B058
Data Scientist con amplia experiencia en programación en IA Madrid · Completamente remoto,Tecdata,"Madrid, Comunidad de Madrid","['España', 'Comunidad de Madrid', 'Madrid']",Trabajos en informática,,,70000.0,90000.0,0,https://www.adzuna.es/land/ad/5382486044?se=BP8bczDD8BGT8qKgjUILbg&utm_medium=api&utm_source=528c9b37&v=8F2E5186BE2227D8B2128E03996AFF6BCB09469E
Gerente de ciencia de datos/ia para el sector público (executive manager),JR Spain,"Ibiza, Islas Baleares","['España', 'Islas Baleares', 'Islas Baleares', 'Ibiza']",Trabajos en consultoría,,,70000.0,90000.0,0,https://www.adzuna.es/land/ad/5449512793?se=BP8bczDD8BGT8qKgjUILbg&utm_medium=api&utm_source=528c9b37&v=BCD4E4D2056E7A31CC9A0D5337E56854B8209E5A
Senior AI Full-Stack Developer – IA NLP / LLMs / Full-Stack Madrid · Híbrido,Tecdata,"Madrid, Comunidad de Madrid","['España', 'Comunidad de Madrid', 'Madrid']",Trabajos en informática,,,70000.0,90000.0,0,https://www.adzuna.es/land/ad/5415929116?se=BP8bczDD8BGT8qKgjUILbg&utm_medium=api&utm_source=528c9b37&v=C331ED482488276DA5E01D015A778A47B3E38EB2
"Desarrollador/A Python – Integración De Agentes De Ia (Gemini, Claude, Openai)",Correduría Seguros Nogal,Madrid,"['España', 'Comunidad de Madrid', 'Madrid', 'Madrid']",Unknown,,,,,0,https://www.adzuna.es/details/5499391347?utm_medium=api&utm_source=528c9b37
Responsable Técnico De Proyectos En Proyectos De Ingenieria Biomedica E Ia,Grupo Quirónsalud,"Madrid, Comunidad de Madrid","['España', 'Comunidad de Madrid', 'Madrid']",Unknown,,,,,0,https://www.adzuna.es/details/5414440547?utm_medium=api&utm_source=528c9b37
Ingeniero_a de IA para proyectos de ID con grandes modelos,ITI,"Godella, Valencia","['España', 'Comunidad Valenciana', 'Valencia', 'Godella']",Unknown,,,,,0,https://www.adzuna.es/details/5383387580?utm_medium=api&utm_source=528c9b37
Despliegue de IA y mejora en procesos en Ingeniería de Señalización,Siemens Rail Automation S.A.U,España,['España'],Unknown,,,,,0,https://www.adzuna.es/details/5392240101?utm_medium=api&utm_source=528c9b37
Analista Gobierno del Dato y Gobierno de la IA (Perfil Técnico),,España,['España'],Unknown,,,,,0,https://www.adzuna.es/details/5267866431?utm_medium=api&utm_source=528c9b37
Profesor Inteligencia Artificial,NEOLAND,España,['España'],Trabajos en informática,,,,,0,https://www.adzuna.es/land/ad/5493658294?se=BP8bczDD8BGT8qKgjUILbg&utm_medium=api&utm_source=528c9b37&v=79DECFE3C766A4FD158164F6CCB6C478836CFC4D
Data Solutions Architect (Junior) – IA y VR| 100% remoto  Inglés H/M/X,Experis España,"Madrid, Comunidad de Madrid","['España', 'Comunidad de Madrid', 'Madrid']",Trabajos en informática,,,90000.0,110000.0,0,https://www.adzuna.es/land/ad/5463927936?se=BP8bczDD8BGT8qKgjUILbg&utm_medium=api&utm_source=528c9b37&v=EAB91B0A0BC60655254ECE013089F7F4AEC8E6AE
Prácticas Despliegue de IA y mejora en procesos en Ingeniería de Señalización,Siemens Rail Automation S.A.U,España,['España'],Unknown,,,,,0,https://www.adzuna.es/details/5381031798?utm_medium=api&utm_source=528c9b37
GenAI Consultant,WeArtificial,España,['España'],Unknown,,,,,0,https://www.adzuna.es/land/ad/5482592763?se=BP8bczDD8BGT8qKgjUILbg&utm_medium=api&utm_source=528c9b37&v=C77D36A3F78E07C892BA77C2B923CFBC90490045
Head of AI Platform & Products,PROEDUCA SUMMA SL,España,['España'],Trabajos en informática,,,,,0,https://www.adzuna.es/land/ad/5493658314?se=BP8bczDD8BGT8qKgjUILbg&utm_medium=api&utm_source=528c9b37&v=7439115E26524B69050524FBA8CA648F7C4DFCAD
Arquitecto de Data Azure | Diseño de soluciones con IA - Híbrido (H/M/X),Manpower Trabajo Temporal,Madrid,"['España', 'Comunidad de Madrid', 'Madrid', 'Madrid']",Unknown,,,,,0,https://www.adzuna.es/details/5418534353?utm_medium=api&utm_source=528c9b37
Tesis en la aplicación de IA para predecir la vida de las baterías,Ikerlan,"Hernani, Guipúzcoa","['España', 'País Vasco', 'Guipúzcoa', 'Hernani']",Unknown,,,,,0,https://www.adzuna.es/details/4800592998?utm_medium=api&utm_source=528c9b37
INGENIERO CLOUD,Carrefour España,España,['España'],Trabajos en tiendas,,,,,0,https://www.adzuna.es/land/ad/5484405618?se=7H3ldDDD8BG1mY2sojYTdw&utm_medium=api&utm_source=528c9b37&v=1480412027ED00C1CD6C131E77136E2E4C92DFAA
Dermatólogos Que Lideran El Futuro De La Ia Clínica — Authors Of Clinical Ai | Metaqare,Metaqare Intellihealth,Valencia,"['España', 'Comunidad Valenciana', 'Valencia', 'Valencia']",Unknown,,,,,0,https://www.adzuna.es/details/5499379425?utm_medium=api&utm_source=528c9b37
Dermatólogos Que Lideran El Futuro De La Ia Clínica — Authors Of Clinical Ai | Metaqare,Metaqare Intellihealth,Badajoz,"['España', 'Extremadura', 'Badajoz', 'Badajoz']",Unknown,,,,,0,https://www.adzuna.es/details/5499379829?utm_medium=api&utm_source=528c9b37
51467MKP - Editor/a i Tècnic/a de Postproducció amb IA Generativa (Audiovisuals) (GRUP LAVINIA),main,España,['España'],Unknown,,,,,0,https://www.adzuna.es/details/5465509019?utm_medium=api&utm_source=528c9b37
Lead Conversacional (She/He/They),NTT DATA Europe & Latam,España,['España'],Trabajos en informática,,,,,0,https://www.adzuna.es/land/ad/5482592567?se=7H3ldDDD8BG1mY2sojYTdw&utm_medium=api&utm_source=528c9b37&v=81618A5D51EB6B179DF899FD38FFB5877954F561
Analista Funcional - Consultor/a de Gobierno _ Remoto o Híbrido en Cantabria_ Hasta 45K,BIGZON,Cantabria,"['España', 'Cantabria', 'Cantabria']",Trabajos en informática,,,,,0,https://www.adzuna.es/land/ad/5485993347?se=7H3ldDDD8BG1mY2sojYTdw&utm_medium=api&utm_source=528c9b37&v=48A4D36EBC9FC75AF64871BDD2AC0C18714B95D9
DOCENTE MICROSOFT,NEOLAND,"Madrid, Comunidad de Madrid","['España', 'Comunidad de Madrid', 'Madrid']",Trabajos en informática,,,70000.0,90000.0,0,https://www.adzuna.es/land/ad/5498125789?se=7H3ldDDD8BG1mY2sojYTdw&utm_medium=api&utm_source=528c9b37&v=075985DBDC8014DA385B14E208002B187251FB44
"Instructor/a de programación, IA y ciencias de datos para niños/as y jóvenes (Sitges/Vng)",Logiscool,España,['España'],Unknown,,,19676.0,19676.0,0,https://www.adzuna.es/details/5367775276?utm_medium=api&utm_source=528c9b37
Head of Medical Technology,Datadope,"Madrid, Comunidad de Madrid","['España', 'Comunidad de Madrid', 'Madrid']",Trabajos en sanidad y salud,,,90000.0,110000.0,0,https://www.adzuna.es/land/ad/5486417529?se=7H3ldDDD8BG1mY2sojYTdw&utm_medium=api&utm_source=528c9b37&v=1BA573E7B38C1D470C8454E6AF78993A87C8A5FB
Enterprise AI Security Architect,Experis España,España,['España'],Trabajos en informática,,,70000.0,90000.0,0,https://www.adzuna.es/land/ad/5499117275?se=7H3ldDDD8BG1mY2sojYTdw&utm_medium=api&utm_source=528c9b37&v=55E890D5D3986AEDB1150F94637A56D878B4B459
Enterprise AI Security Architect,Experis España,España,['España'],Trabajos en informática,,,70000.0,90000.0,0,https://www.adzuna.es/land/ad/5498060766?se=7H3ldDDD8BG1mY2sojYTdw&utm_medium=api&utm_source=528c9b37&v=BAF4089BF14585E72CD92A23E26ECE59DBF521C3
Cloud Data Scientist,SOLTEL Group,"Madrid, Comunidad de Madrid","['España', 'Comunidad de Madrid', 'Madrid']",Trabajos en informática,,,70000.0,90000.0,0,https://www.adzuna.es/land/ad/5467077609?se=7H3ldDDD8BG1mY2sojYTdw&utm_medium=api&utm_source=528c9b37&v=700B512FFAE12408D6162507815DF288985BE652
Head Of Medical Technology,Datadope,"Málaga, Andalucía","['España', 'Andalucía', 'Málaga']",Trabajos en sanidad y salud,,,70000.0,90000.0,0,https://www.adzuna.es/land/ad/5490053856?se=7H3ldDDD8BG1mY2sojYTdw&utm_medium=api&utm_source=528c9b37&v=548C78A8FCC10AD179668B878A8232FC85F84FB8
Data Scientist Leader,Matchtech,"Madrid, Comunidad de Madrid","['España', 'Comunidad de Madrid', 'Madrid']",Trabajos en sanidad y salud,,,70000.0,90000.0,0,https://www.adzuna.es/land/ad/5449512985?se=7H3ldDDD8BG1mY2sojYTdw&utm_medium=api&utm_source=528c9b37&v=8137CEC722043E9C317A76BB95F6F5E155DE2D1C
Generative AI Engineer Madrid · Híbrido,Tecdata,"Madrid, Comunidad de Madrid","['España', 'Comunidad de Madrid', 'Madrid']",Trabajos en informática,,,70000.0,90000.0,0,https://www.adzuna.es/land/ad/5406755134?se=7H3ldDDD8BG1mY2sojYTdw&utm_medium=api&utm_source=528c9b37&v=0F08AFAE764FCB2F459F0981001AA078DF4F52C6
Machine Learning Engineer,COFARES,España,['España'],Trabajos en ingeniería,,,70000.0,90000.0,0,https://www.adzuna.es/land/ad/5498126154?se=7H3ldDDD8BG1mY2sojYTdw&utm_medium=api&utm_source=528c9b37&v=20DBDDDD0845FBD0A6359C864E4D75729C8C415F
Language Consultants,WeArtificial,"Madrid, Comunidad de Madrid","['España', 'Comunidad de Madrid', 'Madrid']",Trabajos en consultoría,,,70000.0,90000.0,0,https://www.adzuna.es/land/ad/5486424354?se=7H3ldDDD8BG1mY2sojYTdw&utm_medium=api&utm_source=528c9b37&v=5112EA97D155897902F304E679BF518ABFED71C2
Especialista en Sistemas de Inteligencia Artificial Generativa (h/m),CONFIDENCIAL,España,['España'],Trabajos en informática,,,,,0,https://www.adzuna.es/land/ad/5483840177?se=7H3ldDDD8BG1mY2sojYTdw&utm_medium=api&utm_source=528c9b37&v=AA5A142B273AAA28DE53AEA9D52A4F4CA01A3347
Databricks Platform Engineer (Multinacional),VISEO - Spain,España,['España'],Unknown,,,,,0,https://www.adzuna.es/details/5432568894?utm_medium=api&utm_source=528c9b37
Especialista en contenidos digitales y posicionamiento GEO / branded content,UCAM Universidad Católica San Antonio de Murcia,"Región de Murcia, España","['España', 'Región de Murcia']",Trabajos en educación,,,,,0,https://www.adzuna.es/land/ad/5483840167?se=7H3ldDDD8BG1mY2sojYTdw&utm_medium=api&utm_source=528c9b37&v=7E5667ACE63916A510919D0764703C70D835E8AC
"AI Engineer (GraphRAG, RAG )",Tecdata,"Madrid, Comunidad de Madrid","['España', 'Comunidad de Madrid', 'Madrid']",Trabajos en informática,,,70000.0,90000.0,0,https://www.adzuna.es/land/ad/5485107660?se=7H3ldDDD8BG1mY2sojYTdw&utm_medium=api&utm_source=528c9b37&v=927D371756612A3BA17C7C5125D06F513D12D1F4
Business Analytics Executive Manager / Director,LHH,"Bilbao, Vizcaya","['España', 'País Vasco', 'Vizcaya', 'Bilbao']",Trabajos en consultoría,,,70000.0,90000.0,0,https://www.adzuna.es/land/ad/5491783384?se=7H3ldDDD8BG1mY2sojYTdw&utm_medium=api&utm_source=528c9b37&v=839937E94BCBD04D8A11DF939285BB98CBBB417A
Business Analytics Executive Manager / Director,LHH,"Las Palmas de Gran Canaria, Las Palmas","['España', 'Islas Canarias', 'Las Palmas', 'Las Palmas de Gran Canaria']",Trabajos en consultoría,,,70000.0,90000.0,0,https://www.adzuna.es/land/ad/5485121385?se=7H3ldDDD8BG1mY2sojYTdw&utm_medium=api&utm_source=528c9b37&v=51D83DA05F8139612948112006D25E8EB299E774
Business Analytics Executive Manager / Director,LHH,"Valladolid, Castilla y León","['España', 'Castilla y León', 'Valladolid']",Trabajos en consultoría,,,70000.0,90000.0,0,https://www.adzuna.es/land/ad/5491799570?se=7H3ldDDD8BG1mY2sojYTdw&utm_medium=api&utm_source=528c9b37&v=037882C5DB5845872D64DB97CC3E4D38240591DC
Business Analytics Executive Manager / Director,LHH,"Almería, Andalucía","['España', 'Andalucía', 'Almería']",Trabajos en consultoría,,,70000.0,90000.0,0,https://www.adzuna.es/land/ad/5493333246?se=7H3ldDDD8BG1mY2sojYTdw&utm_medium=api&utm_source=528c9b37&v=8F3CAA5F4FEBFAB4A40AA8BCF12D7C9096D9EFCA
Business Analytics Executive Manager / Director,LHH,"Zaragoza, Aragón","['España', 'Aragón', 'Zaragoza']",Trabajos en consultoría,,,70000.0,90000.0,0,https://www.adzuna.es/land/ad/5493333322?se=7H3ldDDD8BG1mY2sojYTdw&utm_medium=api&utm_source=528c9b37&v=292AF4C48F33F891ED3B6C075A9AC54C36BD0F69
Graph AI Engineer,Ad4 Octogono,"Madrid, Comunidad de Madrid","['España', 'Comunidad de Madrid', 'Madrid']",Trabajos en informática,,,70000.0,90000.0,0,https://www.adzuna.es/land/ad/5493333739?se=7H3ldDDD8BG1mY2sojYTdw&utm_medium=api&utm_source=528c9b37&v=57EBB1647978727A74F0AE89987206A686D43E0B
Business Analytics Executive Manager / Director,LHH,España,['España'],Trabajos en consultoría,,,70000.0,90000.0,0,https://www.adzuna.es/land/ad/5493339523?se=7H3ldDDD8BG1mY2sojYTdw&utm_medium=api&utm_source=528c9b37&v=F24B5992AAFAF2DF0EB8D0BFCD0C5789F8022F02
Digital Technology Architect,Aderen,"Madrid, Comunidad de Madrid","['España', 'Comunidad de Madrid', 'Madrid']",Trabajos en informática,,,90000.0,110000.0,0,https://www.adzuna.es/land/ad/5485121499?se=7H3ldDDD8BG1mY2sojYTdw&utm_medium=api&utm_source=528c9b37&v=655C45B3C6DE9637EDB8A2A0DE0F62168501DB2F
Business Analytics Executive Manager / Director,LHH,"Tarragona, Cataluña","['España', 'Cataluña', 'Tarragona']",Trabajos en consultoría,,,70000.0,90000.0,0,https://www.adzuna.es/land/ad/5487875271?se=7H3ldDDD8BG1mY2sojYTdw&utm_medium=api&utm_source=528c9b37&v=0E25539E6909C6D4D02110DCA79F956531C482D4
Business Analytics Executive Manager / Director,LHH,Islas Baleares,"['España', 'Islas Baleares', 'Islas Baleares']",Trabajos en consultoría,,,70000.0,90000.0,0,https://www.adzuna.es/land/ad/5490053816?se=7H3ldDDD8BG1mY2sojYTdw&utm_medium=api&utm_source=528c9b37&v=5C75460249C32DD27705E0EEEF4620429E838656
Ingeniero/a de Inteligencia Artificial,Inkoova,Barcelona,"['España', 'Cataluña', 'Barcelona', 'Barcelona']",Trabajos en informática,permanent,,,,0,https://www.adzuna.es/details/5357854974?utm_medium=api&utm_source=528c9b37
Data Architect,HAYS,España,['España'],Trabajos en informática,,,,,0,https://www.adzuna.es/details/5470263180?utm_medium=api&utm_source=528c9b37
AI Technical Lead,Future Space S.A.,"Madrid, Comunidad de Madrid","['España', 'Comunidad de Madrid', 'Madrid']",Trabajos en informática,,,70000.0,90000.0,0,https://www.adzuna.es/land/ad/5498270786?se=7H3ldDDD8BG1mY2sojYTdw&utm_medium=api&utm_source=528c9b37&v=9D6211DE64EC6311396E450E1EE17686BF19B8E9
¿Has liderado procesos de transformación digital en corporate y te apasiona la IA? Buscamos Cofounder para proyecto validado,The Lab Ventures,España,['España'],Trabajos en consultoría,,,,,0,https://www.adzuna.es/details/5491081623?utm_medium=api&utm_source=528c9b37
AI Operation Manager,Talent-R,España,['España'],Unknown,,,,,0,https://www.adzuna.es/details/5373301914?utm_medium=api&utm_source=528c9b37
GenAI Engineer,Panel Sistemas Informaticos,"Madrid, Comunidad de Madrid","['España', 'Comunidad de Madrid', 'Madrid']",Trabajos en informática,,,70000.0,90000.0,0,https://www.adzuna.es/land/ad/5479251115?se=7H3ldDDD8BG1mY2sojYTdw&utm_medium=api&utm_source=528c9b37&v=BB1F549EBD814A0ECC97313BDEC55D6ED6CC8BB1
Director/a Comercial de Marketing Digital,BeTalent - HR Consulting,"Madrid, Comunidad de Madrid","['España', 'Comunidad de Madrid', 'Madrid']",Unknown,,,90000.0,110000.0,0,https://www.adzuna.es/land/ad/5463928049?se=7H3ldDDD8BG1mY2sojYTdw&utm_medium=api&utm_source=528c9b37&v=441E20582E300A8381EC27FFEA715AD971891FEB
Data Architect,JR Spain,"Madrid, Comunidad de Madrid","['España', 'Comunidad de Madrid', 'Madrid']",Trabajos en informática,,,90000.0,110000.0,0,https://www.adzuna.es/land/ad/5458992433?se=7H3ldDDD8BG1mY2sojYTdw&utm_medium=api&utm_source=528c9b37&v=57728D272045695C274C76FFF9C3F6638FED1CC8
AI Product Designer – AI Lover,SDi Digital Group,"Logroño, La Rioja","['España', 'La Rioja', 'La Rioja', 'Logroño']",Unknown,,,,,0,https://www.adzuna.es/details/5352146073?utm_medium=api&utm_source=528c9b37
Data AI - AI Infrastructure Architect - (Híbrido Madrid) -(H/M/X),Experis España,Madrid,"['España', 'Comunidad de Madrid', 'Madrid', 'Madrid']",Unknown,,,,,0,https://www.adzuna.es/details/5471242883?utm_medium=api&utm_source=528c9b37
Data Scientist - Remoto,LJselection,"Madrid, Comunidad de Madrid","['España', 'Comunidad de Madrid', 'Madrid']",Trabajos en informática,,,70000.0,90000.0,0,https://www.adzuna.es/land/ad/5474724768?se=7H3ldDDD8BG1mY2sojYTdw&utm_medium=api&utm_source=528c9b37&v=534068D393AA4CDECD56B24281AA683F68083EB9
Product Owner,Optimissa,"Madrid, Comunidad de Madrid","['España', 'Comunidad de Madrid', 'Madrid']",Trabajos en consultoría,,,70000.0,90000.0,0,https://www.adzuna.es/land/ad/5491774356?se=7H3ldDDD8BG1mY2sojYTdw&utm_medium=api&utm_source=528c9b37&v=AE0CD12844B892CA0BBF4266FBA534498D9601E7
UX Designer – AI Lover,SDi Digital Group,"Logroño, La Rioja","['España', 'La Rioja', 'La Rioja', 'Logroño']",Unknown,,,,,0,https://www.adzuna.es/details/5352146205?utm_medium=api&utm_source=528c9b37
Director/a de Data Strategy & Governance,Merlin Digital Partner,"Madrid, Comunidad de Madrid","['España', 'Comunidad de Madrid', 'Madrid']",Otros trabajos,,,70000.0,90000.0,0,https://www.adzuna.es/land/ad/5462363288?se=7H3ldDDD8BG1mY2sojYTdw&utm_medium=api&utm_source=528c9b37&v=3B14323ECA8BF918F00090E3A5F8643688B5DD9C
Senior Product Manager B2B,Lefebvre,"Madrid, Comunidad de Madrid","['España', 'Comunidad de Madrid', 'Madrid']",Trabajos en consultoría,,,150000.0,150000.0,0,https://www.adzuna.es/land/ad/5447807656?se=7H3ldDDD8BG1mY2sojYTdw&utm_medium=api&utm_source=528c9b37&v=2FE727B4E0361E47A43C9AE20DD75AC834F00821
Desarrollador De Aplicaciones Web,Impuso Veritas Solutions Sl,Badajoz,"['España', 'Extremadura', 'Badajoz', 'Badajoz']",Unknown,,,,,0,https://www.adzuna.es/details/5499379817?utm_medium=api&utm_source=528c9b37
Senior Research and Development Engineer,Groupe SII,"Barcelona, Cataluña","['España', 'Cataluña', 'Barcelona']",Trabajos en ingeniería,,,110000.0,125000.0,0,https://www.adzuna.es/land/ad/5447807587?se=7H3ldDDD8BG1mY2sojYTdw&utm_medium=api&utm_source=528c9b37&v=36C7C80271C7C4397BA19F9F7A60F3793AEE5D88
Data Scientist,Datatech Business Solutions,"Madrid, Comunidad de Madrid","['España', 'Comunidad de Madrid', 'Madrid']",Trabajos en informática,,,70000.0,90000.0,0,https://www.adzuna.es/land/ad/5465694321?se=ELt3dzDD8BGT8qKgjUILbg&utm_medium=api&utm_source=528c9b37&v=A8CD385AFA71E0316D3214FEA83E5CED5C218F8D
Consulting Manager en Arquitecturas Digitales y Cloud - On Site,Oowlish,"Madrid, Comunidad de Madrid","['España', 'Comunidad de Madrid', 'Madrid']",Trabajos en consultoría,,,70000.0,90000.0,0,https://www.adzuna.es/land/ad/5465700004?se=ELt3dzDD8BGT8qKgjUILbg&utm_medium=api&utm_source=528c9b37&v=47CA11FB717A74052292585E232FB36A79DE5EB5
AI/ML Scientist - España (100% Remoto),Talent Connect,Madrid,"['España', 'Comunidad de Madrid', 'Madrid', 'Madrid']",Unknown,,,,,0,https://www.adzuna.es/details/5453682926?utm_medium=api&utm_source=528c9b37
Embedded Software Engineer (RiscV) - IOT (Híbrido),Page Personnel ETT,Barcelona,"['España', 'Cataluña', 'Barcelona', 'Barcelona']",Unknown,,,,,0,https://www.adzuna.es/details/5477540254?utm_medium=api&utm_source=528c9b37
AI Solution Specialists & Prompt Enginee H/M,Gfi Informatique,Madrid,"['España', 'Comunidad de Madrid', 'Madrid', 'Madrid']",Unknown,,,,,0,https://www.adzuna.es/details/4439850549?utm_medium=api&utm_source=528c9b37
Desarrollador De Aplicaciones Web,Impuso Veritas Solutions Sl,Madrid,"['España', 'Comunidad de Madrid', 'Madrid', 'Madrid']",Unknown,,,,,0,https://www.adzuna.es/details/5497472154?utm_medium=api&utm_source=528c9b37
Middle Backend Developer C#,,España,['España'],Trabajos en informática,,,30000.0,35000.0,0,https://www.adzuna.es/details/5421646000?utm_medium=api&utm_source=528c9b37
Consulting Manager en Arquitecturas Digitales y Cloud - On Site,Oowlish,"Madrid, Comunidad de Madrid","['España', 'Comunidad de Madrid', 'Madrid']",Trabajos en consultoría,,,70000.0,90000.0,0,https://www.adzuna.es/land/ad/5435260258?se=ELt3dzDD8BGT8qKgjUILbg&utm_medium=api&utm_source=528c9b37&v=1056D6ACE5A629EF9FBCBADF5090A0BEB6286D9D
Software Agentic Architect (fm),T-Systems Iberia,España,['España'],Trabajos en informática,,,70000.0,90000.0,0,https://www.adzuna.es/land/ad/5468886863?se=ELt3dzDD8BGT8qKgjUILbg&utm_medium=api&utm_source=528c9b37&v=3AF8B2937A40A18E01AB6871381AA08B4AB9BBBB
Data Architect (GEN AI & CLOUD),dentsu,España,['España'],Unknown,,,,,0,https://www.adzuna.es/land/ad/5493053305?se=ELt3dzDD8BGT8qKgjUILbg&utm_medium=api&utm_source=528c9b37&v=135CDCDC6C343FF9DD67C26A8750AA19C42C47F3
Becario Consultoría,"Oftex internacionalización, S.L.","Sant Joan d'Alacant, Alicante","['España', 'Comunidad Valenciana', 'Alicante', ""Sant Joan d'Alacant""]",Unknown,,,,,0,https://www.adzuna.es/details/5091059590?utm_medium=api&utm_source=528c9b37
¡Buscamos CTO / Socio Tecnológico para OptiRankApp!,OptiRankApp,"A Coruña, Galicia","['España', 'Galicia', 'A Coruña']",Trabajos en informática,,,90000.0,110000.0,0,https://www.adzuna.es/land/ad/5488965857?se=ELt3dzDD8BGT8qKgjUILbg&utm_medium=api&utm_source=528c9b37&v=2BD6069E381AC0E20D7A0CFE445F71E9A5B10278
Solution Architect,Pasiona Consulting Sl,"Barcelona, Cataluña","['España', 'Cataluña', 'Barcelona']",Trabajos en informática,,,70000.0,90000.0,0,https://www.adzuna.es/land/ad/5499117611?se=ELt3dzDD8BGT8qKgjUILbg&utm_medium=api&utm_source=528c9b37&v=F493072DA3A0AB0D987A547C0C01984076ECA012
Senior Product Manager B2B,Lefebvre,"Madrid, Comunidad de Madrid","['España', 'Comunidad de Madrid', 'Madrid']",Trabajos en consultoría,,,90000.0,110000.0,0,https://www.adzuna.es/land/ad/5447807476?se=ELt3dzDD8BGT8qKgjUILbg&utm_medium=api&utm_source=528c9b37&v=99851F9EDEE1633158D81AE5C8A3CDEDD4E5C947
DevOps Engineer (AWS),Logicalis Spain,"Madrid, Comunidad de Madrid","['España', 'Comunidad de Madrid', 'Madrid']",Trabajos en informática,,,110000.0,125000.0,0,https://www.adzuna.es/land/ad/5481822467?se=ELt3dzDD8BGT8qKgjUILbg&utm_medium=api&utm_source=528c9b37&v=0FAD1F02533324F10F271FE55B8296F4F507D9BE
AI Consultant,Prodware Group,Madrid,"['España', 'Comunidad de Madrid', 'Madrid', 'Madrid']",Unknown,,full_time,,,0,https://www.adzuna.es/details/4776057668?utm_medium=api&utm_source=528c9b37
Directora de Data Strategy & Governance,Merlin Digital Partner,"Madrid, Comunidad de Madrid","['España', 'Comunidad de Madrid', 'Madrid']",Otros trabajos,,,70000.0,90000.0,0,https://www.adzuna.es/land/ad/5455069745?se=ELt3dzDD8BGT8qKgjUILbg&utm_medium=api&utm_source=528c9b37&v=40972803ADA66A09FEABE4A93D22D4AB6E2DB13E
AI Design Systems & Product Designer (Freelance),Garaje de Ideas,España,['España'],Unknown,,,,,0,https://www.adzuna.es/details/5483390468?utm_medium=api&utm_source=528c9b37
[PROCESO CERRADO] Generative AI Engineer en CONFIDENCIAL,MIOTI | Madrid Internet of Things Institute,"Málaga, Andalucía","['España', 'Andalucía', 'Málaga']",Trabajos en informática,,,70000.0,90000.0,0,https://www.adzuna.es/land/ad/5468909543?se=ELt3dzDD8BGT8qKgjUILbg&utm_medium=api&utm_source=528c9b37&v=E3C573677E07EDFA419D1C3548F66340AD2312D3
[PROCESO CERRADO] Generative AI Engineer en CONFIDENCIAL,MIOTI | Madrid Internet of Things Institute,"Ronda, Málaga","['España', 'Andalucía', 'Málaga', 'Ronda']",Trabajos en informática,,,70000.0,90000.0,0,https://www.adzuna.es/land/ad/5468886880?se=ELt3dzDD8BGT8qKgjUILbg&utm_medium=api&utm_source=528c9b37&v=01D39E70F670F2C339AC64DFBC6EAAA9E7EDD825
Chief AI Officer (CAIO) – Digital Tactics 360,CyberLideria MGZN,"Sevilla, Andalucía","['España', 'Andalucía', 'Sevilla']",Trabajos en informática,,,70000.0,90000.0,0,https://www.adzuna.es/land/ad/5203290422?se=ELt3dzDD8BGT8qKgjUILbg&utm_medium=api&utm_source=528c9b37&v=EEB1EDE2D42F174319BD138F261E07FD58632F1E
GENERATIVE AI Researcher,Ikerlan,"Arrasate/Mondragón, Guipúzcoa","['España', 'País Vasco', 'Guipúzcoa', 'Arrasate/Mondragón']",Trabajos en informática,,,,,0,https://www.adzuna.es/details/5441517140?utm_medium=api&utm_source=528c9b37
GENERATIVE AI Researcher,Ikerlan,"Bilbao, Vizcaya","['España', 'País Vasco', 'Vizcaya', 'Bilbao']",Trabajos en informática,,,,,0,https://www.adzuna.es/details/5441518633?utm_medium=api&utm_source=528c9b37
Mozo de almacén,CLARA.IA,Almería,"['España', 'Andalucía', 'Almería', 'Almería']",Trabajos en logística y almacén,,,,,0,https://www.adzuna.es/details/5494635423?utm_medium=api&utm_source=528c9b37
Cloud Azure & DevOps Architect,EDNON,"Madrid, Comunidad de Madrid","['España', 'Comunidad de Madrid', 'Madrid']",Trabajos en informática,,,70000.0,90000.0,0,https://www.adzuna.es/land/ad/5486417510?se=ELt3dzDD8BGT8qKgjUILbg&utm_medium=api&utm_source=528c9b37&v=BC8112281949B86DD2321A5F541DEB3D3C2E9144
Jefe de Proyecto para Proyectos de Inteligencia Artificial H/M,Gfi Informatique,Madrid,"['España', 'Comunidad de Madrid', 'Madrid', 'Madrid']",Unknown,,,,,0,https://www.adzuna.es/details/4439850104?utm_medium=api&utm_source=528c9b37
Data Scientist Senior,MIOTI,"Madrid, Comunidad de Madrid","['España', 'Comunidad de Madrid', 'Madrid']",Trabajos en informática,,,70000.0,90000.0,0,https://www.adzuna.es/land/ad/5281200436?se=ELt3dzDD8BGT8qKgjUILbg&utm_medium=api&utm_source=528c9b37&v=CF8B106426B239A66400C2B2708EB995FEAF7FC7
Data & AI Lead | Grupo Pampling | Sevilla,GRUPO PAMPLING,Sevilla,"['España', 'Andalucía', 'Sevilla', 'Sevilla']",Unknown,,,20000.0,25000.0,0,https://www.adzuna.es/details/5480893458?utm_medium=api&utm_source=528c9b37
Grupo Casaverde - Fisioterapeuta,CLARA.IA,"Catral, Alicante","['España', 'Comunidad Valenciana', 'Alicante', 'Catral']",Trabajos en logística y almacén,,,,,0,https://www.adzuna.es/details/5479146957?utm_medium=api&utm_source=528c9b37
Exact Forestall - Inspector de Calidad,CLARA.IA,"Mojados, Valladolid","['España', 'Castilla y León', 'Valladolid', 'Mojados']",Trabajos en logística y almacén,,,,,0,https://www.adzuna.es/details/5470406105?utm_medium=api&utm_source=528c9b37
Silbon - Dependiente de tienda,CLARA.IA,Zaragoza,"['España', 'Aragón', 'Zaragoza', 'Zaragoza']",Trabajos en logística y almacén,,,,,0,https://www.adzuna.es/details/5492721115?utm_medium=api&utm_source=528c9b37
Caroll - Dependiente de tienda,CLARA.IA,"Vitoria-Gasteiz, Álava","['España', 'País Vasco', 'Álava', 'Vitoria-Gasteiz']",Trabajos en logística y almacén,,,,,0,https://www.adzuna.es/details/5492720910?utm_medium=api&utm_source=528c9b37
Caroll - Dependiente de tienda,CLARA.IA,"Algeciras, Cádiz","['España', 'Andalucía', 'Cádiz', 'Algeciras']",Trabajos en logística y almacén,,,,,0,https://www.adzuna.es/details/5492720907?utm_medium=api&utm_source=528c9b37
Caroll - Dependiente de tienda,CLARA.IA,"Pamplona, Navarra","['España', 'Comunidad Foral de Navarra', 'Navarra', 'Pamplona']",Trabajos en logística y almacén,,,,,0,https://www.adzuna.es/details/5492720903?utm_medium=api&utm_source=528c9b37
Caroll - Dependiente de tienda,CLARA.IA,Barcelona,"['España', 'Cataluña', 'Barcelona', 'Barcelona']",Trabajos en logística y almacén,,,,,0,https://www.adzuna.es/details/5492720952?utm_medium=api&utm_source=528c9b37
Caroll - Dependiente de tienda,CLARA.IA,Murcia,"['España', 'Región de Murcia', 'Murcia', 'Murcia']",Trabajos en logística y almacén,,,,,0,https://www.adzuna.es/details/5492720998?utm_medium=api&utm_source=528c9b37
Cientifico de Datos,El Corte Ingles,España,['España'],Unknown,,,,,0,https://www.adzuna.es/details/5473150594?utm_medium=api&utm_source=528c9b37
Digital Marketing & AI Specialist,Casusbelli Capital,Barcelona,"['España', 'Cataluña', 'Barcelona', 'Barcelona']",Unknown,,,,,0,https://www.adzuna.es/details/5497971275?utm_medium=api&utm_source=528c9b37
Solutions Architect & Generative AI,knowmad mood,España,['España'],Trabajos en informática,,,125000.0,150000.0,0,https://www.adzuna.es/land/ad/5491784089?se=ELt3dzDD8BGT8qKgjUILbg&utm_medium=api&utm_source=528c9b37&v=EF46283FAAC9B9DD3CE4388A3EDA90F1E205F4BD
AI Engineer Security,Paradigma Digital,"Madrid, Comunidad de Madrid","['España', 'Comunidad de Madrid', 'Madrid']",Trabajos en informática,,,70000.0,90000.0,0,https://www.adzuna.es/land/ad/5485083442?se=ELt3dzDD8BGT8qKgjUILbg&utm_medium=api&utm_source=528c9b37&v=2B4852AC95412649A83BF3E0DFBA0AE075214FF4
AI Generative Engineer,JR Spain,"Madrid, Comunidad de Madrid","['España', 'Comunidad de Madrid', 'Madrid']",Trabajos en informática,,,70000.0,90000.0,0,https://www.adzuna.es/land/ad/5431630201?se=ELt3dzDD8BGT8qKgjUILbg&utm_medium=api&utm_source=528c9b37&v=B6A9B0BF273C94CB83A3A1D6E4922D5DBF15A60B
AI Engineer Security,Paradigma Digital,"Barcelona, Cataluña","['España', 'Cataluña', 'Barcelona']",Trabajos en informática,,,70000.0,90000.0,0,https://www.adzuna.es/land/ad/5493339471?se=ELt3dzDD8BGT8qKgjUILbg&utm_medium=api&utm_source=528c9b37&v=5FEB21520F44EFF040963AF916A67E0E2A781BDE
Arquitecto/a Data,Sopra Steria,"Madrid, Comunidad de Madrid","['España', 'Comunidad de Madrid', 'Madrid']",Trabajos en ingeniería,,,150000.0,150000.0,0,https://www.adzuna.es/land/ad/5284335639?se=ELt3dzDD8BGT8qKgjUILbg&utm_medium=api&utm_source=528c9b37&v=E4979ACAAB9DC3D9A9AB5B2501B0E35397FBD51F
Grosso Napoletano - Ayudante de Camarero/a,CLARA.IA,"Pozuelo de Alarcón, Madrid","['España', 'Comunidad de Madrid', 'Madrid', 'Pozuelo de Alarcón']",Trabajos en logística y almacén,,,,,0,https://www.adzuna.es/details/5496691248?utm_medium=api&utm_source=528c9b37
Software Agentic Architect (f/m),T-Systems Iberia,España,['España'],Trabajos en informática,,,70000.0,90000.0,0,https://www.adzuna.es/land/ad/5485084303?se=ELt3dzDD8BGT8qKgjUILbg&utm_medium=api&utm_source=528c9b37&v=60D5F995A4F9F4F49D9EC909E4B3BF9FD064DA91
Director/a de Data Strategy & Governance,Merlin Digital Partner,"Barcelona, Cataluña","['España', 'Cataluña', 'Barcelona']",Otros trabajos,,,70000.0,90000.0,0,https://www.adzuna.es/land/ad/5451864779?se=ELt3dzDD8BGT8qKgjUILbg&utm_medium=api&utm_source=528c9b37&v=BE45797CA46825694F665E1DA1609702BC85178F
Consultor/a en Inteligencia Artificial,Ecix Tech,Madrid,"['España', 'Comunidad de Madrid', 'Madrid', 'Madrid']",Unknown,,,,,0,https://www.adzuna.es/details/5478528711?utm_medium=api&utm_source=528c9b37
Adjunto/a al Head of AI,Lognext,"Madrid, Comunidad de Madrid","['España', 'Comunidad de Madrid', 'Madrid']",Trabajos en informática,,,90000.0,110000.0,0,https://www.adzuna.es/land/ad/5493318841?se=ELt3dzDD8BGT8qKgjUILbg&utm_medium=api&utm_source=528c9b37&v=AE95E762640DFA4C9021AB578C097A6DAA1B0493
Retail - Mozo,CLARA.IA,Sevilla,"['España', 'Andalucía', 'Sevilla', 'Sevilla']",Trabajos en logística y almacén,,,,,0,https://www.adzuna.es/details/5492720961?utm_medium=api&utm_source=528c9b37
Retail - Mozo,CLARA.IA,Zaragoza,"['España', 'Aragón', 'Zaragoza', 'Zaragoza']",Trabajos en logística y almacén,,,,,0,https://www.adzuna.es/details/5492720915?utm_medium=api&utm_source=528c9b37
Retail - Mozo,CLARA.IA,"Jerez de la Frontera, Cádiz","['España', 'Andalucía', 'Cádiz', 'Jerez de la Frontera']",Trabajos en logística y almacén,,,,,0,https://www.adzuna.es/details/5492720937?utm_medium=api&utm_source=528c9b37
Retail - Mozo,CLARA.IA,Valencia,"['España', 'Comunidad Valenciana', 'Valencia', 'Valencia']",Trabajos en logística y almacén,,,,,0,https://www.adzuna.es/details/5492720887?utm_medium=api&utm_source=528c9b37
Retail - Mozo,CLARA.IA,"Algeciras, Cádiz","['España', 'Andalucía', 'Cádiz', 'Algeciras']",Trabajos en logística y almacén,,,,,0,https://www.adzuna.es/details/5494635420?utm_medium=api&utm_source=528c9b37
Analista De Datos E Inteligencia Artificial - Zaragoza Presencial,Fundación El Tranvía,Zaragoza,"['España', 'Aragón', 'Zaragoza', 'Zaragoza']",Unknown,,,,,0,https://www.adzuna.es/details/5499381252?utm_medium=api&utm_source=528c9b37
Desarrollador/a Inteligencia Artificial,CMV Consultores,Barcelona,"['España', 'Cataluña', 'Barcelona', 'Barcelona']",Trabajos en informática,permanent,,27000.0,36000.0,0,https://www.adzuna.es/details/5492601202?utm_medium=api&utm_source=528c9b37
Machine Learning Engineer H/M,Gfi Informatique,Madrid,"['España', 'Comunidad de Madrid', 'Madrid', 'Madrid']",Unknown,,,,,0,https://www.adzuna.es/details/5062367398?utm_medium=api&utm_source=528c9b37
Consultor/a en Inteligencia Artificial,Trabajos en Ecix Tech,Madrid,"['España', 'Comunidad de Madrid', 'Madrid', 'Madrid']",Unknown,,,,,0,https://www.adzuna.es/details/5456476103?utm_medium=api&utm_source=528c9b37
Solutions Architect & Generative AI,knowmad mood,"Las Palmas de Gran Canaria, Las Palmas","['España', 'Islas Canarias', 'Las Palmas', 'Las Palmas de Gran Canaria']",Trabajos en informática,,,70000.0,90000.0,0,https://www.adzuna.es/land/ad/5498060584?se=xO2OeTDD8BGdHYOL_XKfzw&utm_medium=api&utm_source=528c9b37&v=C753E956DBFD5E66D643FD3B0B8C1BD69497A83A
Se busca canguro para cuidado de niños en Granada,Sitly,Granada,"['España', 'Andalucía', 'Granada', 'Granada']",Unknown,,,14560.0,14560.0,0,https://www.adzuna.es/land/ad/5375328503?se=xO2OeTDD8BGdHYOL_XKfzw&utm_medium=api&utm_source=528c9b37&v=3C84D053A5AA0B12BD527E3E69E35DB96779D1D0
Senior Product Manager B2B,Lefebvre,"Alcobendas, Madrid","['España', 'Comunidad de Madrid', 'Madrid', 'Alcobendas']",Trabajos en consultoría,,,,,0,https://www.adzuna.es/details/5437603345?utm_medium=api&utm_source=528c9b37
Business Subject Matter Expert (Supply Chain),SDG Group España,"Barcelona, Cataluña","['España', 'Cataluña', 'Barcelona']",Trabajos en informática,,,90000.0,110000.0,0,https://www.adzuna.es/land/ad/5321399793?se=xO2OeTDD8BGdHYOL_XKfzw&utm_medium=api&utm_source=528c9b37&v=0D74F84F1316A0BC1DAC749690EC4CBF8A85D228
Data Scientist Senior,MIOTI,"Madrid, Comunidad de Madrid","['España', 'Comunidad de Madrid', 'Madrid']",Trabajos en informática,,,70000.0,90000.0,0,https://www.adzuna.es/land/ad/5291687341?se=xO2OeTDD8BGdHYOL_XKfzw&utm_medium=api&utm_source=528c9b37&v=B99F4D58C9356AFF201F456DDE5C109CD5D0E3EC
MLOps / DevOps Engineer (AI/ML & GenAI) Ubicación: España,Talent Connect,Madrid,"['España', 'Comunidad de Madrid', 'Madrid', 'Madrid']",Unknown,,,,,0,https://www.adzuna.es/details/5455085089?utm_medium=api&utm_source=528c9b37
GRAPH AI - Remoto- Inglés B2,SlashMobility,"Madrid, Comunidad de Madrid","['España', 'Comunidad de Madrid', 'Madrid']",Trabajos en informática,,,,,0,https://www.adzuna.es/details/5496122471?utm_medium=api&utm_source=528c9b37
Senior Business Analyst,Optimissa,"Madrid, Comunidad de Madrid","['España', 'Comunidad de Madrid', 'Madrid']",Trabajos en consultoría,,,70000.0,90000.0,0,https://www.adzuna.es/land/ad/5488954662?se=xO2OeTDD8BGdHYOL_XKfzw&utm_medium=api&utm_source=528c9b37&v=4CBA933648F908CFBD5251C65D6A7FB7485FF6A9
Risk Data Scientist gestión de modelos,CAIXABANK PAYMENTS & CONSUMER,"Barcelona, Cataluña","['España', 'Cataluña', 'Barcelona']",Trabajos en informática,,,70000.0,90000.0,0,https://www.adzuna.es/land/ad/5406667035?se=xO2OeTDD8BGdHYOL_XKfzw&utm_medium=api&utm_source=528c9b37&v=5CFEC00D0126FEB03A0A7AF0B93B9BE341289E7B
Especialista en Inteligencia Artificial y Automatización,Multiópticas,"Colmenar Viejo, Madrid","['España', 'Comunidad de Madrid', 'Madrid', 'Colmenar Viejo']",Unknown,,,,,0,https://www.adzuna.es/details/5451874223?utm_medium=api&utm_source=528c9b37
Comercial De Soluciones De Inteligencia Artificial En Sanidad (Autónomo / A),Consultoria Geneo Ia,Badajoz,"['España', 'Extremadura', 'Badajoz', 'Badajoz']",Unknown,,,,,0,https://www.adzuna.es/details/5496023457?utm_medium=api&utm_source=528c9b37
Comercial De Soluciones De Inteligencia Artificial En Sanidad (Autónomo/A),Consultoria Geneo Ia,Madrid,"['España', 'Comunidad de Madrid', 'Madrid', 'Madrid']",Unknown,,,,,0,https://www.adzuna.es/details/5499387051?utm_medium=api&utm_source=528c9b37
Machine Learning Product Manager for Infojobs,Adevinta,España,['España'],Trabajos en informática,,,,,0,https://www.adzuna.es/details/5499525483?utm_medium=api&utm_source=528c9b37
¡Buscamos Cto / Socio Tecnológico Para Optirankapp!,Optirankapp,A Coruña,"['España', 'Galicia', 'A Coruña', 'A Coruña']",Unknown,,,,,0,https://www.adzuna.es/details/5499380416?utm_medium=api&utm_source=528c9b37
¡Buscamos Cto / Socio Tecnológico Para Optirankapp!,Optirankapp,España,['España'],Unknown,,,,,0,https://www.adzuna.es/details/5499381232?utm_medium=api&utm_source=528c9b37
Experto En Comunicaciones,Prishia,Madrid,"['España', 'Comunidad de Madrid', 'Madrid', 'Madrid']",Unknown,,,,,0,https://www.adzuna.es/details/5499416284?utm_medium=api&utm_source=528c9b37
Prácticas en Gestión Comercial y Desarrollo de Negocio.,KOVA BUILDER,Valencia,"['España', 'Comunidad Valenciana', 'Valencia', 'Valencia']",Unknown,,,,,0,https://www.adzuna.es/details/5424333011?utm_medium=api&utm_source=528c9b37
Python Developer,HAYS,Barcelona,"['España', 'Cataluña', 'Barcelona', 'Barcelona']",Trabajos en informática,permanent,,,,0,https://www.adzuna.es/details/5484184708?utm_medium=api&utm_source=528c9b37
Project Manager Inteligencia Artificial,Krell Consulting & Training,España,['España'],Trabajos en informática,permanent,,45000.0,60000.0,0,https://www.adzuna.es/details/5468695209?utm_medium=api&utm_source=528c9b37
DevOps Engineer (AI/ML & GenAI) Ubicación: España (100% remoto),Talent Connect,Madrid,"['España', 'Comunidad de Madrid', 'Madrid', 'Madrid']",Unknown,,,,,0,https://www.adzuna.es/details/5465073564?utm_medium=api&utm_source=528c9b37
Ingeniero/a de Machine Learning (Especialista en Vertex AI),OCA Global,"Rubí, Barcelona","['España', 'Cataluña', 'Barcelona', 'Rubí']",Unknown,,,,,0,https://www.adzuna.es/details/5497406093?utm_medium=api&utm_source=528c9b37
Consulting Manager en Arquitecturas Digitales y Cloud - On Site,Oowlish Technology,España,['España'],Trabajos en consultoría,,,,,0,https://www.adzuna.es/details/5434250983?utm_medium=api&utm_source=528c9b37
Senior Full-Stack Developer (React  Node  Python) - Freelance,Shakers,"Málaga, Andalucía","['España', 'Andalucía', 'Málaga']",Trabajos en informática,,,70000.0,90000.0,0,https://www.adzuna.es/land/ad/5498133209?se=xO2OeTDD8BGdHYOL_XKfzw&utm_medium=api&utm_source=528c9b37&v=60C67F1901CBB13019CCFB595675426E09C463BE
Data Scientist service financier F / H,eXalt España,"Madrid, Comunidad de Madrid","['España', 'Comunidad de Madrid', 'Madrid']",Trabajos en informática,,,70000.0,90000.0,0,https://www.adzuna.es/land/ad/5487876922?se=xO2OeTDD8BGdHYOL_XKfzw&utm_medium=api&utm_source=528c9b37&v=351D919AFEF91AB9E17F668A65B1952B659E777D
Azure AI Engineer,myCloudDoor,"Madrid, Comunidad de Madrid","['España', 'Comunidad de Madrid', 'Madrid']",Trabajos en informática,,,70000.0,90000.0,0,https://www.adzuna.es/land/ad/5456043628?se=xO2OeTDD8BGdHYOL_XKfzw&utm_medium=api&utm_source=528c9b37&v=C65DCC31F2B81100BD1057461F8B31A9022DFABE
Se busca canguro para cuidado de niños en León,Sitly,León,"['España', 'Castilla y León', 'León', 'León']",Unknown,,,12480.0,12480.0,0,https://www.adzuna.es/land/ad/5464621356?se=xO2OeTDD8BGdHYOL_XKfzw&utm_medium=api&utm_source=528c9b37&v=8AB1A9977B7329D3EDF876B26B0BE8EC1FEF8D14
AI Engineer,,España,['España'],Trabajos en informática,,,55000.0,65000.0,0,https://www.adzuna.es/details/5426076525?utm_medium=api&utm_source=528c9b37
Perfil administrativo/a análisis avanzado datos y reporte,Circet España,"Vizcaya, País Vasco","['España', 'País Vasco', 'Vizcaya']",Trabajos en administración,,,,,0,https://www.adzuna.es/details/5490771579?utm_medium=api&utm_source=528c9b37
Investigador/a en Sistemas Digitales Ciberseguros,Ikerlan,"Arrasate/Mondragón, Guipúzcoa","['España', 'País Vasco', 'Guipúzcoa', 'Arrasate/Mondragón']",Unknown,,,,,0,https://www.adzuna.es/details/5475584270?utm_medium=api&utm_source=528c9b37
Buscamos A Los Referentes Clínicos Que Escribirán La Próxima Generación De La Medicina — Author[],QSalud,A Coruña,"['España', 'Galicia', 'A Coruña', 'A Coruña']",Unknown,,,,,0,https://www.adzuna.es/details/5499380680?utm_medium=api&utm_source=528c9b37
Buscamos A Los Referentes Clínicos Que Escribirán La Próxima Generación De La Medicina — Author[],QSalud,Granada,"['España', 'Andalucía', 'Granada', 'Granada']",Unknown,,,,,0,https://www.adzuna.es/details/5499380670?utm_medium=api&utm_source=528c9b37
51138MKP - Doctor/a en Intel·ligència Artificial i Data Science (MRI),main,España,['España'],Trabajos en sanidad y salud,,,,,0,https://www.adzuna.es/details/5321510692?utm_medium=api&utm_source=528c9b37
FullStack Developer Senior (Angular / Java),Tailor Technologies,"Madrid, Comunidad de Madrid","['España', 'Comunidad de Madrid', 'Madrid']",Trabajos en informática,,,90000.0,110000.0,0,https://www.adzuna.es/land/ad/5458992647?se=xO2OeTDD8BGdHYOL_XKfzw&utm_medium=api&utm_source=528c9b37&v=54BF60C76C36A05921F0E0CA05AA4F8B4EEBDC9F
51495MKP - Dissenyador/a - Director/a d'art (GAZPACHO),Barcelona Activa,"Barcelona, Cataluña","['España', 'Cataluña', 'Barcelona']",Trabajos en consultoría,,,90000.0,110000.0,0,https://www.adzuna.es/land/ad/5467093362?se=xO2OeTDD8BGdHYOL_XKfzw&utm_medium=api&utm_source=528c9b37&v=AE691EC891D94D8A99575C280DA42B28064B6B9A
SENIOR Salesforce Developer (hibrido),Irium,Madrid,"['España', 'Comunidad de Madrid', 'Madrid', 'Madrid']",Trabajos en informática,,,,,0,https://www.adzuna.es/details/5497829661?utm_medium=api&utm_source=528c9b37
Data & AI Solution Architect-START UP,,Madrid,"['España', 'Comunidad de Madrid', 'Madrid', 'Madrid']",Trabajos en informática,,,49500.0,71500.0,0,https://www.adzuna.es/details/5358484163?utm_medium=api&utm_source=528c9b37
Data Scientist,VASS,"Madrid, Comunidad de Madrid","['España', 'Comunidad de Madrid', 'Madrid']",Trabajos en informática,,,70000.0,90000.0,0,https://www.adzuna.es/land/ad/5458997166?se=xO2OeTDD8BGdHYOL_XKfzw&utm_medium=api&utm_source=528c9b37&v=C78721738818470836ED7F07AA104B347ADC06E2
Data Scientist - Machine Learning & AI,agap2 España,"Málaga, Andalucía","['España', 'Andalucía', 'Málaga']",Trabajos en informática,,,70000.0,90000.0,0,https://www.adzuna.es/land/ad/5493333302?se=xO2OeTDD8BGdHYOL_XKfzw&utm_medium=api&utm_source=528c9b37&v=3D38697D5B168C2D908C047EDB5CCBBBE4D1ECF4
Senior Data Scientist,Blue Hat International,"Barcelona, Cataluña","['España', 'Cataluña', 'Barcelona']",Trabajos en informática,,,70000.0,90000.0,0,https://www.adzuna.es/land/ad/5493333469?se=xO2OeTDD8BGdHYOL_XKfzw&utm_medium=api&utm_source=528c9b37&v=0B95187AEF1758F434D6FE1EA758CD252AB42CBB
Data Scientist - Machine Learning & AI,agap2 España,"Barcelona, Cataluña","['España', 'Cataluña', 'Barcelona']",Trabajos en informática,,,70000.0,90000.0,0,https://www.adzuna.es/land/ad/5490053864?se=xO2OeTDD8BGdHYOL_XKfzw&utm_medium=api&utm_source=528c9b37&v=E15F43D2F971CB5DFDE790F4FC3C1EBC4F8FE4FE
Data & AI Solution Architect,DataGuru,"Barcelona, Cataluña","['España', 'Cataluña', 'Barcelona']",Trabajos en informática,,,70000.0,90000.0,0,https://www.adzuna.es/land/ad/5479252776?se=xO2OeTDD8BGdHYOL_XKfzw&utm_medium=api&utm_source=528c9b37&v=2B86919B727D4EC832DC8DB4BEFC3C66EFFB849B
Senior Project Manager Industria 4.0,Inetum North,"Bilbao, Vizcaya","['España', 'País Vasco', 'Vizcaya', 'Bilbao']",Trabajos en consultoría,,,,,0,https://www.adzuna.es/details/5484808271?utm_medium=api&utm_source=528c9b37
Digital Transformation Architect,Inetum North,"Bilbao, Vizcaya","['España', 'País Vasco', 'Vizcaya', 'Bilbao']",Trabajos en consultoría,,,,,0,https://www.adzuna.es/details/5484808269?utm_medium=api&utm_source=528c9b37
